title,upvote,size,usability,medal
data-science-salaries-2023,258,26000.0,10.0,2
diabetes-prediction-dataset,74,751000.0,10.0,0
all-time-worldwide-box-office-for-action-movies,28,53000.0,10.0,0
cancer-data,134,50000.0,10.0,0
credit-risk-customers,60,19000.0,10.0,0
fastfood-nutrition,110,12000.0,10.0,0
mobile-price-classification,1588,72000.0,7.1,1
minecraft-piracy-dataset,37,31000.0,10.0,0
student-performance-in-mathematics,239,9000.0,10.0,2
airbnb-cleaned-europe-dataset,45,3000000.0,10.0,0
taxol-drug-resistance-cell-lines-in-breast-cancer,27,248000.0,10.0,0
fake-news-football,27,2000000.0,10.0,0
diabetes-dataset-by-age-standardized-countries,34,416000.0,9.4,0
symptom2disease,32,45000.0,10.0,0
mbti-personality-type-twitter-dataset,60,34000000.0,10.0,0
loan-data-set,53,11000.0,9.4,0
retail-data-set,33,901000.0,10.0,0
online-retail-transactions-dataset,53,30000000.0,9.4,0
woman-tennis-2016-2017-years,26,2000000.0,9.4,0
heart-attack-analysis-prediction-dataset,3049,4000.0,10.0,1
heart-failure-prediction,2131,9000.0,10.0,1
customer-personality-analysis,2023,63000.0,9.7,1
apartment-cost-in-new-york-city,34,1000000.0,10.0,0
bank-customer-churn,1,315000.0,10.0,3
gtsrb-german-traffic-sign,968,642000000.0,8.2,1
airline-passenger-satisfaction,640,3000000.0,9.4,1
kickstarter-projects,33,17000000.0,10.0,0
cats-in-the-wild-image-classification,65,129000000.0,10.0,2
celeba-dataset,1402,1000000000.0,7.6,1
customers-dataset,414,24000.0,10.0,2
weather-dataset-rattle-package,1547,4000000.0,10.0,1
twitter-t4sa,4,3000000000.0,9.4,3
breast-cancer-dataset,236,50000.0,10.0,2
100-bird-species,965,2000000000.0,9.4,1
covid19-dataset,605,5000000.0,10.0,2
diabetes-health-indicators-dataset,317,6000000.0,10.0,1
heart-disease-and-stroke-prevention,33,910000.0,10.0,0
heartbeat,713,104000000.0,5.9,1
car-acceptability-classification-dataset,3,10000.0,10.0,3
twitter-entity-sentiment-analysis,125,2000000.0,10.0,2
wine-quality-dataset,510,22000.0,10.0,1
airbnb-listings,5,27000000.0,10.0,3
atp-tennis-2013-2023,12,620000.0,10.0,3
churn-modelling,201,268000.0,7.6,1
hotel-reservations-classification-dataset,486,491000.0,10.0,1
bank-marketing-dataset,393,146000.0,8.2,1
titanic-dataset,43,23000.0,10.0,0
ai-index,0,2000.0,10.0,3
company-bankruptcy-prediction,592,5000000.0,10.0,1
turkish-news-article,4,4000000.0,10.0,3
online-chess-games,6,3000000.0,10.0,3
factors-affecting-campus-placement,919,5000.0,10.0,1
signature-verification-and-identification,1,1000000.0,8.1,3
credit-score-classification,137,10000000.0,9.4,2
crossfit-athletes,30,13000000.0,10.0,0
nbfi-vehicle-loan-repayment-dataset,34,12000000.0,8.2,0
fashion-product-images-dataset,454,25000000000.0,10.0,1
drug-classification,270,2000.0,10.0,1
amharic-news-corpus-merged,6,75000000.0,10.0,3
wine-quality,222,100000.0,7.1,2
land-mines-detection,3,2000.0,9.4,3
fakenews,14,3000000.0,10.0,0
fashion-product-images-small,256,593000000.0,10.0,1
customer-analytics,295,124000.0,9.4,2
luxury-loan-portfolio,26,145000.0,10.0,0
credit-card-fraud,116,30000000.0,9.4,2
arketing-campaign,235,360000.0,9.1,2
bank-marketing,317,403000.0,6.5,2
traffic-signs-preprocessed,248,4000000000.0,10.0,2
ibm-transactions-for-anti-money-laundering-aml,44,8000000000.0,9.4,0
breast-cancer,153,44000.0,10.0,2
disease-symptom-description-dataset,297,31000.0,9.7,1
higher-education-students-performance-evaluation,42,3000.0,7.6,0
twitter-sentiment-analysis-hatred-speech,248,2000000.0,6.5,1
top5leagues,2,1000000.0,10.0,3
social-network-ads,61,1000.0,9.4,2
bank-customer-churn-dataset,91,192000.0,10.0,2
covid19-symptoms-checker,228,933000.0,10.0,2
health-dataset,117,1000000.0,10.0,0
sports-classification,143,445000000.0,8.8,2
online-payments-fraud-detection-dataset,97,186000000.0,9.7,0
customer,111,107000.0,10.0,2
students-performance-in-exams,450,9000.0,10.0,2
basketball,448,708000000.0,9.4,1
health-care-data-set-on-heart-attack-possibility,344,3000.0,7.1,1
eubucco-european-buildings-dataset,6,24000000000.0,9.4,0
telecom-churn-datasets,141,102000.0,10.0,2
superstore-marketing-campaign-dataset,78,57000.0,10.0,0
star-dataset,218,3000.0,10.0,2
milkquality,78,1000.0,7.6,2
the-depression-dataset,286,5000000.0,8.8,2
twitter-sentiment-dataset,57,8000000.0,10.0,2
predict-diabities,166,9000.0,10.0,2
twitter-tweets-sentiment-dataset,58,1000000.0,10.0,2
urbansound8k,147,6000000000.0,8.2,1
bankfullcsv,36,493000.0,6.5,3
salary-prediction-classification,91,471000.0,7.6,2
customer-segmentation,89,102000.0,10.0,2
cure-the-princess,15,50000.0,10.0,0
twitter-and-reddit-sentimental-analysis-dataset,104,11000000.0,10.0,2
best-artworks-of-all-time,926,2000000000.0,7.1,1
heart-disease-dataset,53,3000.0,10.0,3
smoke-detection-dataset,157,2000000.0,10.0,2
home-loan-approval,89,13000.0,10.0,2
bangladesh-weather-history,3,17000.0,10.0,3
predicting-credit-card-customer-attrition-with-m,100,388000.0,10.0,0
water-quality,82,264000.0,9.1,0
brain-tumor,223,15000000.0,9.4,2
real-estate-dataset,345,12000.0,10.0,2
flight-delay-dataset-20182022,146,4000000000.0,10.0,1
web-page-phishing-detection-dataset,59,1000000.0,9.4,0
stellar-classification-dataset-sdss17,182,7000000.0,10.0,1
spotify-recommendation,101,30000.0,10.0,2
pump-sensor-data,254,39000000.0,7.1,2
real-estate-listings-berlin-de-april-2023,0,123000.0,10.0,3
loan-default-dataset,108,5000000.0,10.0,2
bank-account-fraud-dataset-neurips-2022,90,573000000.0,10.0,2
rotten-tomatoes-reviews,6,28000000.0,10.0,3
body-performance-data,192,255000.0,7.6,2
butterfly-images40-species,95,418000000.0,10.0,2
thyroid-disease-data,77,149000.0,9.7,0
body-signal-of-smoking,116,4000000.0,7.1,2
second-hand-mercedes-benz-registered-2000-2023-ita,0,195000.0,9.4,3
banking-dataset-classification,59,418000.0,6.2,0
student-performance,177,107000.0,10.0,0
fifa-world-cup-2022,158,626000.0,10.0,2
70-dog-breedsimage-data-set,38,225000000.0,9.4,0
proyecto-3-segmentacin-de-clientes-en-ecommerce,39,447000.0,10.0,3
hr-analytics-case-study,291,11000000.0,7.4,2
car-insurance-data,70,227000.0,7.1,0
parkinson-disease-detection,80,15000.0,7.1,0
alcohol-effects-on-study,182,19000.0,10.0,2
income-classification,172,470000.0,5.3,2
uncovering-factors-that-affect-used-car-prices,55,19000000.0,10.0,0
us-flight-delay-from-january-2017-july-2022,39,4000000.0,8.2,0
travel-insurance-prediction-data,95,13000.0,10.0,2
biomedical-text-publication-classification,38,59000000.0,9.4,0
english-handwritten-characters-dataset,117,14000000.0,9.4,2
flowers-dataset,32,215000000.0,9.4,0
human-action-recognition-har-dataset,85,311000000.0,9.4,2
human-stress-detection-in-and-through-sleep,113,3000000.0,8.8,0
employee-attrition-for-healthcare,86,575000.0,10.0,2
all-products-available-on-sephora-website,90,5000000.0,10.0,0
elliptic-data-set,150,306000000.0,8.2,2
electrical-fault-detection-and-classification,96,704000.0,10.0,2
spanish-wine-quality-dataset,98,47000.0,10.0,2
cards-image-datasetclassification,55,404000000.0,9.1,0
heart-attack,71,4000.0,10.0,0
prediction-of-music-genre,84,3000000.0,10.0,2
world-population-live-dataset,73,10000.0,10.0,0
portuguese-bank-marketing,23,491000.0,10.0,0
ip-network-traffic-flows-labeled-with-87-apps,192,539000000.0,8.8,2
carinsuranceclaimprediction-classification,76,2000000.0,10.0,0
wine-quality-data,33,106000.0,9.4,0
fraud-detection,69,69000000.0,10.0,0
mortality-information-system,0,1000000000.0,9.4,3
covid-19-coronavirus-pandemic-dataset,417,11000.0,10.0,2
australia-weather-data,48,4000000.0,10.0,0
airlines-dataset-to-predict-a-delay,111,6000000.0,10.0,2
skin-cancer-dataset,58,3000000000.0,7.6,2
others,32,1000000.0,7.6,0
imdb-movie-ratings-sentiment-analysis,60,22000000.0,10.0,2
naive-bayes-classification-data,24,2000.0,9.4,0
student-performance-data-set,65,22000.0,8.2,0
depression,88,49000.0,7.1,0
dog-emotion,31,162000000.0,10.0,0
airlines-delay,57,6000000.0,10.0,0
rice-type-classification,39,910000.0,9.4,0
chinese-mnist,201,17000000.0,9.4,1
phishing-website-detector,45,202000.0,8.2,0
music-genre-classification,68,1000000.0,10.0,2
amazon-product-reviews,30,120000000.0,10.0,3
customer-behaviour,28,3000.0,7.6,3
energy-efficiency-data-set,74,6000.0,9.7,2
android-malware-dataset-for-machine-learning,39,427000.0,9.4,3
bmidataset,65,2000.0,10.0,0
employee-future-prediction,98,19000.0,10.0,2
beginner-datasets,128,14000000.0,9.4,2
amur-tiger-reidentification,4,4000000000.0,7.6,3
predictive-maintenance-dataset-ai4i-2020,25,139000.0,8.2,0
medias-cost-prediction-in-foodmart,133,2000000.0,10.0,1
zoo-animals-extended-dataset,131,2000.0,10.0,0
consumer-complaint-database,92,184000000.0,8.2,2
2019-airline-delays-and-cancellations,60,790000000.0,10.0,0
hr-employee-attrition,152,51000.0,10.0,2
glaucoma-datasets,26,6000000000.0,8.2,0
startup-success-prediction,72,66000.0,5.9,0
employee-satisfaction-index-dataset,37,8000.0,10.0,0
engineering-placements-prediction,111,10000.0,7.6,1
titanic-cleaned-data,64,36000.0,7.6,0
simple-gender-classification,36,2000.0,7.6,0
depression-reddit-cleaned,60,1000000.0,10.0,2
driving-behavior,81,201000.0,10.0,0
malware-executable-detection,30,28000.0,9.7,3
gold-historical-data-2004-2023,1,107000000.0,6.3,3
flower-color-images,193,52000000.0,7.5,2
parkinsonsdataset,63,16000.0,7.4,2
heart-disease-classification-dataset,36,4000.0,7.4,3
monkeypox-skin-lesion-dataset,82,49000000.0,7.6,2
fake-news,44,2000000.0,10.0,0
netflix-rotten-tomatoes-metacritic-imdb,116,5000000.0,10.0,2
heartbeat-sounds,545,115000000.0,7.6,1
predict-diabetes-based-on-diagnostic-measures,61,9000.0,8.2,0
human-gait-phase-dataset,38,624000000.0,8.8,0
mortality-rate-heart-patient-pakistan-hospital,52,10000.0,8.2,0
stress-level-detection,47,1000000.0,7.1,0
credit-risk-classification-dataset,62,152000.0,10.0,0
dementia-prediction-dataset,39,7000.0,9.4,0
password-strength-classifier-dataset,41,5000000.0,7.6,0
employee-attrition,62,53000.0,8.2,0
chicken-disease-1,25,279000000.0,5.9,3
world-university-rankings-202223,56,59000.0,9.4,0
landuse-scene-classification,42,2000000000.0,8.8,0
dezinfo-sk-fake-news-dataset,5,140000.0,10.0,3
chronic-kidney-disease,43,6000.0,8.8,3
video-games-rating-by-esrb,100,43000.0,10.0,2
air-traffic-data,13,177000.0,7.1,3
forbes-worlds-billionaires-list-2022,50,719000.0,8.8,0
medium-articles,51,387000000.0,10.0,2
malware-analysis-datasets-api-call-sequences,26,2000000.0,7.1,3
appletwittersentimenttexts,32,73000.0,10.0,2
covid19-coronavirus-pandemic,148,9000.0,10.0,0
loandefault,37,9000000.0,9.4,0
mobile-health,39,37000000.0,10.0,0
tmnist-typeface-mnist,31,8000000.0,7.1,2
the-global-hunger-index,59,28000.0,10.0,0
breast-cancer-gene-expression-cumida,56,65000000.0,9.7,0
migraine-classification,58,3000.0,10.0,0
caffeine-content-of-drinks,49,8000.0,10.0,0
lead-scoring-dataset,41,420000.0,5.3,2
tour-travels-customer-churn-prediction,59,4000.0,10.0,2
star-wars-characters,35,3000.0,10.0,0
tictactoe-endgame-dataset-uci,27,4000.0,8.8,0
fetalhr,50,63000.0,8.2,2
bank-personal-loan-modelling,42,62000.0,6.5,0
cvdcvd-vd,30,3000.0,7.6,0
bankadditionalfullcsv,15,400000.0,7.6,3
us-drought-meteorological-data,180,945000000.0,10.0,2
product-classification-and-categorization,20,24000000.0,10.0,0
ethereum-historical-data,11,55000.0,10.0,0
hrdatasetclassif,25,176000.0,5.9,2
mushroom-attributes,40,59000.0,10.0,0
motionsense-dataset,239,76000000.0,7.6,2
mario-personalities-survey-results,0,4000.0,9.4,3
software-requirements-dataset,8,34000.0,8.2,3
airways-customer-data,10,4000000.0,10.0,3
the-simpsons-dataset,74,9000000.0,5.3,1
predicting-pulsar-starintermediate,86,809000.0,8.2,2
diseases-and-symptoms,38,12000.0,9.4,0
glasses-or-no-glasses,75,7000000000.0,8.8,0
cpga-iq-placement,82,876.0,10.0,0
human-activity-recognition,39,11000000.0,10.0,0
personal-loan-modeling,46,62000.0,9.4,0
2022-fuel-consumption-ratings,51,14000.0,10.0,0
cardio-vascular-disease-detection,30,768000.0,7.1,0
eye-state-classification-eeg-dataset,55,847000.0,10.0,2
ecg-arrhythmia-classification-dataset,28,131000000.0,9.4,0
customer-personality-analysis,64,63000.0,10.0,0
citibike-sampled-data-2013-2017,27,18000000.0,10.0,0
bank-marketing-response-predict,56,273000.0,9.7,2
automobiles,17,5000.0,2.9,3
big-mart-sales,45,314000.0,10.0,3
datasets-in-hr-analytics-applied-ai,41,19000.0,10.0,0
fraudulent-transactions-prediction,76,186000000.0,10.0,0
language-identification-datasst,41,6000000.0,10.0,0
travel-insurance,102,474000.0,7.1,0
emg-signal-for-gesture-recognition,25,17000000.0,4.7,3
online-education-system-review,19,15000.0,4.7,3
glassdoor-job-reviews,51,88000000.0,10.0,0
jurassic-park-the-exhaustive-dinosaur-dataset,33,13000.0,8.8,3
bank-customers-data,20,457000.0,5.9,3
csgo-round-winner-classification,95,4000000.0,10.0,2
coffee-bean-dataset-resized-224-x-224,38,151000000.0,8.8,2
digital-marketing-ecommerce-customer-behavior,15,94000.0,3.5,3
hranalysis,82,961000.0,9.4,2
speed-dating,50,445000.0,10.0,0
nasa-nearest-earth-objects,179,7000000.0,10.0,1
top-10-machine-learning-datasets,40,905000.0,8.8,0
voters-and-non-voters,1,30000.0,10.0,3
loan-application-data,35,10000.0,8.5,0
portuguese-bank-marketing-data-set,23,1000000.0,6.8,0
google-landmarks-dataset,630,1000.0,7.6,1
ml-marathon-dataset-by-azure-developer-community,38,157000.0,8.2,0
hepatitis-c-virus-blood-biomarkers,22,15000.0,9.4,0
fakereal-news,17,864000.0,10.0,3
wine-quality-dataset,25,100000.0,8.2,0
creditscoreclassification,33,8000000.0,6.5,0
twitter-data,16,3000000.0,9.1,0
spambase,25,130000.0,9.4,0
oil-spill-detection,54,79000.0,9.4,0
sloth-species,14,74000.0,10.0,0
paris-housing-classification,30,567000.0,9.1,0
lumpy-skin-disease-dataset,46,697000.0,8.2,2
predicting-job-titles-from-resumes,48,41000.0,10.0,0
house-prices-and-images-socal,29,387000000.0,5.9,0
malaysia-restaurant-review-datasets,11,75000000.0,8.8,3
water-quality-dataset,45,292000.0,10.0,0
spam-email-data-spamassassin-2002,36,13000000.0,10.0,0
autismdiagnosis,17,26000.0,4.7,0
league-of-legends-champion-stats,89,146000.0,10.0,2
cifar10-python-in-csv,34,219000000.0,10.0,0
heart-statlog-cleveland-hungary-final,46,10000.0,8.8,3
6-ovarian-cancer-datasets,30,220000000.0,7.1,0
bank-marketing,22,551000.0,10.0,0
good-guysbad-guys-image-data-set,53,614000000.0,9.4,0
scene-classification,62,378000000.0,9.4,2
sloan-digital-sky-survey,200,457000.0,8.2,1
emg-4,150,889000.0,8.5,0
misinformation-fake-news-text-dataset-79k,33,89000000.0,10.0,0
poem-classification-nlp,80,123000.0,10.0,1
harumanis-mango-physical-measurement,19,2000.0,10.0,0
malwaremicrosoftbig,28,65000000.0,10.0,0
breast-cancer-wisconsin-benign-or-malignant,29,6000.0,9.1,0
diabetes-uci-dataset,30,3000.0,7.6,0
cat-dog-images-for-classification,45,571000000.0,7.1,2
wsnds,21,5000000.0,8.8,3
mobile-smartphone-images-dataset,32,263000000.0,9.4,0
job-placement-dataset,53,4000.0,10.0,0
weapon-detection-test,21,204000000.0,9.4,0
elon-musks-tweets-dataset-2022,64,301000.0,10.0,0
heart-disease-dataset,19,3000.0,8.8,3
spamemailsdataset,11,130000.0,9.7,3
165-different-snakes-species,28,3000000000.0,8.2,0
spect-heart-dataset,46,14000.0,10.0,2
global-pollution-by-counties,59,15000.0,9.7,0
200k-short-texts-for-humor-detection,55,6000000.0,10.0,2
cve-and-cwe-mapping-dataset,43,33000000.0,10.0,0
book-covers-dataset,57,288000000.0,8.5,0
balls-image-classification,30,151000000.0,10.0,0
mbti-personality-types-500-dataset,39,129000000.0,8.8,0
thoraric-surgery,18,5000.0,7.1,3
unridd-intrusion-detection-dataset,21,883000.0,9.1,0
diamonds,26,645000.0,10.0,0
ionosphere,46,35000.0,5.3,2
bank-loan-defaulter-prediction-hackathon,44,9000000.0,10.0,0
dry-bean-dataset,11,1000000.0,9.4,3
furniture-images-dataset,40,40000000.0,9.4,0
star-categorization-giants-and-dwarfs,58,2000000.0,10.0,0
recruitment-scam,26,19000000.0,8.2,0
nfl-combine-performance-data-2009-2019,11,153000.0,10.0,3
time-image-datasetclassification,28,402000000.0,8.8,0
airplane-crashes-and-fatalities,97,596000.0,10.0,2
play-store-apps,46,2000000.0,10.0,0
tweets-with-sarcasm-and-irony,23,4000000.0,8.2,0
ogbg-molclintox,5,326000.0,7.1,3
traffic-signs-gtsrb-plus-162-custom-classes,35,16000000000.0,8.8,0
flight-delay-prediction,55,32000000.0,8.8,0
audit-data,60,28000.0,8.5,0
crosswalkdataset,16,143000000.0,8.5,3
indian-moviesimdb,32,1000000.0,5.3,0
musical-instruments-sound-dataset,69,6000000000.0,10.0,1
wrestling-world-tournament,36,14000.0,10.0,2
github-dataset,34,79000000.0,10.0,0
gender-submisson,41,942.0,9.4,2
algerian-used-cars,23,54000000.0,10.0,0
maildataset,41,219000.0,8.2,2
cnn-articles-after-basic-cleaning,32,92000000.0,9.1,0
datasets-for-churn-telecom,90,4000000.0,6.5,0
poker-game-dataset,34,7000000.0,10.0,2
cars-data,43,3000000.0,7.9,0
bank-marketing-dataset-analysis-classification,31,2000000.0,10.0,0
website-classification,69,2000000.0,10.0,2
science-fiction-books-subgenres,39,7000000.0,10.0,0
earthquake-magnitude-damage-and-impact,32,75000000.0,9.7,0
tree-nuts-image-classification,23,151000000.0,8.2,0
musical-instruments-image-classification,13,214000000.0,7.4,3
youtube-videos-dataset,40,661000.0,9.4,0
french-twitter-sentiment-analysis,28,51000000.0,10.0,0
movie-classifier,28,260000000.0,9.1,0
jb-link-telco-customer-churn,13,489000.0,10.0,3
alpha-thalassemia-dataset,6,10000.0,10.0,3
anomaly-detection-falling-people-events,18,5000000.0,8.8,3
industry-biscuit-cookie-dataset,8,46000000.0,9.4,3
liga-argentina-futbol,17,287000.0,10.0,0
a-fake-news-dataset-around-the-syrian-war,39,469000.0,8.2,3
heart-dissease,27,3000.0,9.4,3
yeastcsv,14,13000.0,7.1,0
crystal-system-properties-for-liion-batteries,48,8000.0,10.0,2
yelp-reviews-for-sa-finegrained-5-classes-csv,33,200000000.0,10.0,2
hardfakevsrealfaces,16,16000000.0,8.2,0
agricultural-crop-dataset,11,48000.0,9.4,3
league-of-legends-stats-s13,35,12000.0,10.0,0
blood-transfusion-dataset,59,3000.0,10.0,0
60k-responses-of-16-personalities-test-mbt,51,2000000.0,10.0,2
credit-risk,97,59000.0,5.9,1
hindi-speech-classification,12,61000000.0,9.4,0
peruvian-food-reviews,27,88000000.0,9.4,0
mpst-movie-plot-synopses-with-tags,50,30000000.0,8.8,0
indonesia-climate,35,7000000.0,10.0,0
kc-house-data,11,832000.0,10.0,3
twitter-reviews-for-emotion-analysis,10,732000.0,8.8,3
nlp-analysis-of-top-netflix-asian-series,1,62000.0,9.4,3
traffic-driving-style-road-surface-condition,41,1000000.0,8.2,0
data-science-fields-salary-categorization,85,7000.0,10.0,2
clinvar-conflicting,271,4000000.0,8.8,2
us-economic-news-articles,18,5000000.0,10.0,0
uplift-modeling,28,340000000.0,10.0,0
beauty-detection-data-set,33,147000000.0,9.1,0
flipkart-ecommerce-dataset,36,6000000.0,9.1,0
social-network-ads,37,3000.0,8.2,0
imdb-movie-reviews-dataset,8,27000000.0,7.9,3
english-quotes,12,683000.0,10.0,0
pcos-dataset,11,28000.0,5.9,3
parts-manufacturing-industry-dataset,10,5000.0,10.0,3
wikiart-all-artpieces,4,13000000000.0,9.4,3
household-appliances-power-consumption,8,263000000.0,8.2,3
nftoniotv2,2,183000000.0,10.0,3
smartphone-human-fall-dataset,17,154000.0,7.1,0
website-classification-using-url,16,20000000.0,8.2,3
speech-emotion-dataset,15,781000.0,5.9,0
breast-cancer-coimbra-data-set,32,4000.0,4.7,0
iot-healthcare-security-dataset,12,17000000.0,7.1,0
reddit-selfposts,61,370000000.0,8.8,0
dynamically-generated-hate-speech-dataset,82,2000000.0,9.4,2
ibm-amlsim-example-dataset,28,12000000.0,7.6,3
versatileproductionsystem,79,363000.0,8.5,0
fraud-transaction-detection,31,36000000.0,8.2,0
diabetes-dataset,29,9000.0,10.0,0
financial-payment-services-fraud-data,8,186000000.0,10.0,3
titanic-passengers-and-crew-complete-list,8,37000.0,7.1,3
iris-dataset-decesion-tree-classifier,6,7000.0,5.9,3
ipl-cricket-dataset,15,1000000.0,5.9,3
wine-customer-segmentation,35,5000.0,6.5,0
hierarchical-text-classification,50,40000000.0,10.0,0
railway-track-fault-detection-resized-224-x-224,16,13000000.0,8.8,0
passenger-list-for-the-estonia-ferry-disaster,133,14000.0,10.0,1
10k-german-news-articles,101,129000000.0,8.2,1
web-page-phishing-detection,24,1000000.0,7.1,0
asteroid-classification-for-hazardous-prediction,21,93000000.0,10.0,3
iitjee-neet-aims-students-questions-data,27,10000000.0,7.1,0
exercise-recognition,36,1000000.0,9.4,0
myocardial-infarction-complications,15,62000.0,9.1,3
internet-speeds-and-prices,31,41000000.0,9.4,0
user-ott-consumption-profile-2019,21,339000.0,7.6,3
nih-chest-xrays-tfrecords,121,12000000000.0,9.4,2
3w-dataset,87,690000000.0,8.8,2
power-quality-distribution-dataset-2,15,21000000.0,7.6,3
airline-passenger-satisfaction,29,2000000.0,5.9,0
olid-dataset,3,885000.0,5.3,3
animal-behavior-analysis,24,476000000.0,9.7,0
medium-app-reviews-from-google-play-store,20,3000000.0,10.0,0
mitbih-database,131,302000000.0,7.1,0
ted-ultimate-dataset,44,209000000.0,10.0,0
rba-dataset,19,1000000000.0,9.4,0
diabetes-binary-classification,8,9000.0,5.3,3
phishing-data,17,4000000.0,5.3,0
fight-dataset,15,2000000000.0,8.2,3
banknote-authentication-uci,11,20000.0,10.0,3
game-review-dataset,41,8000000.0,10.0,0
ozone-level-detection,14,535000.0,8.8,0
credit-card-bank-churn,32,388000.0,7.1,0
spam-assassin-email-classification-dataset,7,8000000.0,10.0,3
malware-analysis-datasets-raw-pe-as-image,18,58000000.0,6.5,3
churn-risk-rate-hackerearth-ml,21,4000000.0,8.8,0
brain-tumor,51,343000.0,9.7,0
cifar10-image-recognition,9,1000000000.0,8.2,3
image-search-engine,7,230000000.0,8.8,3
covid-news-articles-2020-2022,36,932000000.0,10.0,0
uk-accidents-10-years-history-with-many-variables,64,108000000.0,7.6,3
kuhar,12,482000000.0,8.8,3
coswara-dataset-heavy-cough,17,662000000.0,9.1,0
datasets-in-it-ops-applied-ai,24,6000.0,10.0,0
crypto-tweets,13,1000000.0,10.0,0
handwriting-recognitionocr,25,1000000000.0,6.3,0
predict-the-genetic-disorder,9,2000000.0,10.0,3
predict-the-data-scientists-salary-in-india,36,2000000.0,10.0,2
dog-adoption,40,19000000.0,9.4,0
websiteiabcategorization,12,18000000.0,10.0,0
coffee-leaf-diseases,9,205000000.0,4.7,3
classification-in-asteroseismology,36,11000.0,10.0,0
medical-masks-part7,22,26000000000.0,8.8,0
hate-comment,7,2000000.0,9.4,0
statlog-heart-data-set,15,141000.0,9.4,3
keylogger-detection,14,83000000.0,6.5,3
language-detect-artificial-intelligence-software,44,6000000.0,10.0,0
credit-card-fraud-detectionusing-decesion-trees,3,66000.0,4.7,3
numerical-images,15,49000000.0,6.5,0
sports-image-classification,10,866000000.0,8.2,0
new-york-times-articles-comments-2020,20,2000000000.0,9.1,0
color-balls-decision-trees,6,1000.0,5.3,3
banfakenews,51,64000000.0,9.4,0
sentiment-with-16-million-tweets-with-locations,0,87000000.0,8.8,3
python-data-visualization-essentials-guide,46,2000000.0,10.0,0
netflix-prime-video-disney-hulu,39,103000.0,10.0,3
musical,5,267.0,3.5,3
tagmybook,27,697000.0,10.0,0
animal-images-dataset,48,54000000.0,9.4,2
weather-in-aus,14,4000000.0,7.1,0
persian-traffic-sign-dataset-ptsd,14,570000000.0,8.2,0
starbucks-locations-worldwide-2021-version,103,2000000.0,8.8,2
visa-hd,1,86000.0,8.2,3
road-traffic-collision-dataset,48,103000000.0,10.0,0
openmmlab-essential-repositories,27,4000000000.0,8.8,0
all-datasets-for-practicing-ml,22,2000000.0,8.8,0
hr-analysis,16,497000.0,5.6,3
credit-card-defaulter-prediction,48,1000000.0,7.6,2
memotion-dataset-7k,68,729000000.0,7.6,0
churn-model-data-set-competition-form,86,277000.0,7.1,2
kneemridataset,31,3000000000.0,5.9,3
vehicle-images-dataset,45,450000000.0,9.4,0
ideal-customer-analysis-personality-test,32,63000.0,10.0,3
complete-competitive-pokmon-datasets-may-2022,29,532000.0,10.0,0
infoseccyber-security-salaries,36,13000.0,10.0,0
traffic-flow-data-in-ho-chi-minh-city-viet-nam,29,8000000.0,10.0,0
enron-spam-data,7,8000000.0,9.4,3
swarm-behaviour-classification,46,84000000.0,9.7,0
inshort-news,11,2000000.0,7.6,3
a-comprehensive-dataset-for-ddos-attack,11,2000000.0,4.7,3
motorcycle-technical-specifications-19702022,36,4000000.0,9.7,0
anime-list-2022,33,1000000.0,8.5,0
imdb-dataset-of-50k-movie-translated-urdu-reviews,25,34000000.0,10.0,0
term-deposit-prediction-data-set,13,908000.0,5.9,3
large-shoe-dataset-ut-zappos50k,20,894000000.0,10.0,3
android-permission-dataset,41,18000000.0,9.4,0
adidas-us-retail-products-dataset,45,293000.0,10.0,0
comprehensive-malware-datasets,9,592000.0,7.6,3
call-center-metrics-dataset,10,3000.0,8.2,3
gender-classification-from-an-image,16,181000000.0,6.5,0
dry-bean-classification,12,638000.0,7.1,0
loan-prediction-with-3-problem-statement,24,16000.0,8.8,0
customersegmentation,27,10000.0,9.4,0
boxing-matches-dataset-predict-winner,8,60000.0,10.0,3
fedex-data,4,45000000.0,4.7,3
dockship-boat-type-classification,6,188000000.0,8.2,3
agriseshat-agriculture-dataset,84,70000.0,9.4,2
indeks-pencemaran-udara-dki,11,5000.0,7.6,0
images-of-primitive-3d-objects-for-classification,24,199000000.0,7.1,0
user-churn-dataset,8,2000000.0,9.4,3
medical-masks-part1,40,86000000000.0,9.4,0
solar-radiation-dataset,15,6000000.0,10.0,0
spam-classification-for-basic-nlp,18,6000000.0,10.0,0
fitbit-dataset,13,13000.0,5.9,0
butterflies-dataset,28,237000000.0,9.4,0
brazilian-csgo-plataform-dataset-by-gamers-club,106,8000000.0,10.0,2
78k-music-album-reviews,44,27000000.0,10.0,2
appliances-energy-consumption,16,2000000.0,4.7,0
dnd-stats,17,77000.0,10.0,0
vortex-shedding-wake,4,6000000000.0,5.6,3
yahoo-answers-10-categories-for-nlp-csv,29,324000000.0,10.0,2
predict-the-churn-risk-rate,7,2000000.0,7.6,3
animal-breed-cats-and-dogs,20,789000000.0,8.8,0
bank-marketing-data-set,30,403000.0,10.0,0
food-classification,3,790000000.0,8.2,3
fake-news,1,5000000.0,5.9,3
monkeypox-patients-dataset,49,159000.0,10.0,0
telco-customer-churn,2,3000000.0,7.1,3
glass-identification-dataset,21,9000.0,5.3,0
iit-and-nit-colleges-admission-criteria,3,812000.0,8.2,3
fma-free-music-archive-small-medium,20,32000000000.0,7.1,0
conflict-data,7,45000.0,9.4,3
fake-real-news,14,4000000.0,10.0,0
irish-loan-data,21,260000000.0,6.5,0
horsesurvivalprognostication,6,9000.0,10.0,3
stanford-car-body-type-data,17,981000000.0,9.1,3
uisketch,15,123000000.0,8.8,3
zoo-animals,18,2000.0,10.0,3
database-for-emotion-recognition-system-gameemo,28,2000000000.0,6.3,3
nyc-motor-vehicle-collisions-to-person,77,2000000.0,8.2,0
2d-clustering-data,14,7000.0,10.0,0
beehive-sounds,13,21000000000.0,10.0,3
forest-covertype-dataset,26,12000000.0,8.2,0
mnad-moroccan-news-articles-dataset,3,315000000.0,8.2,3
aug-train,3,266000.0,5.9,3
eshop-clothing-dataset,16,886000.0,4.7,3
classification-of-human-poses-keypoints,3,11000.0,7.1,3
chinese-mnist-digit-recognizer,44,8000000.0,10.0,2
users-consumption-profilebidirectional-stats-2019,5,634000.0,7.1,3
discover-the-menu,17,37000000.0,4.7,3
letterdata,3,220000.0,3.5,3
emotion-prediction-with-semi-supervised-learning,36,2000000.0,10.0,0
freesound-prediction-file,12,30000000.0,5.3,3
hackerearth-deep-learning-challenge-holidayseason,31,33000000.0,7.5,2
sloan-digital-sky-survey-dr16,75,7000000.0,10.0,2
major-league-baseball-s-most-cost-effective-play,6,758000.0,9.4,3
autoxgb,130,868000.0,8.8,1
predict-if-people-prefer-wfh-verses-wfo-data,21,3000.0,5.9,3
mls-season-2021-players-stats-and-their-salaries,8,86000.0,9.4,0
amazon-reviews-for-sa-binary-negative-positive-csv,21,700000000.0,10.0,0
health-insurance-lead-prediction,11,1000000.0,7.1,0
dog-vs-not-dog,8,3000000000.0,10.0,0
nba-dataset,3,9000000.0,7.6,3
dataset-predic-terkena-penyakit-paruparu,7,107000.0,5.3,3
earthquake-turkish-tweets-partially-annotated,9,87000000.0,10.0,0
medical-insurance-claim-fraud,9,270000.0,2.9,3
tgrshrrsd-dataset,9,9000000000.0,3.5,3
kannada-characters,27,130000000.0,8.8,0
miia-pothole-image-classification-challenge,8,306000000.0,7.1,0
tesla,1,66000.0,8.2,3
polymers,8,3000000.0,8.1,0
cryptocurrency-ethusdt-prediction-v20-ai-rnn,31,418000.0,10.0,0
phishingdomaindetection,12,5000000.0,4.7,3
apple-iphone-se-reviews-ratings,18,371000.0,10.0,0
credit-card-fraud-detection,9,3000000.0,6.8,3
health-insurance-lead-prediction-raw-data,29,794000.0,10.0,0
bank-marketing,10,3000000.0,7.1,0
stemmed-description-tokens-and-application-genres,13,334000000.0,10.0,0
youtubevideodataset,22,5000000.0,10.0,0
fancy-watche-images,13,66000000.0,7.5,0
mumbai-weather,6,29000.0,8.2,3
carfueltype,0,14000000.0,9.4,3
spotipygenreclassification,4,17000.0,4.7,3
targeted-marketing,13,334000000.0,10.0,0
estimation-of-obesity-levels-uci-dataset,5,118000.0,5.6,3
british-literature-nlp-labeld-phrase,18,977000.0,9.4,0
parking-birmingham,7,241000.0,9.4,3
insurance,10,588.0,7.6,0
micropcb-images,22,12000000000.0,9.4,3
suspicious-communication-on-social-platforms,8,628000.0,5.9,3
tamil-news-dataset,5,744000.0,8.2,3
yugioh-trading-cards-dataset,49,94000.0,7.1,0
human-activity-detection-dataset,18,317000000.0,9.4,0
bank-marketing-campaign,30,1000000.0,7.6,0
xigua30,23,565.0,8.2,3
hackereath-holiday-season-deep-learning-contest,10,33000000.0,6.9,0
kpmg-customer-demography-cleaned-dataset,3,140000.0,9.7,3
animal-kingdom-taxonomy,31,14000.0,10.0,0
wifi-received-signal-strength-rssi-dataset,4,6000.0,5.3,3
video-games-dataset,21,6000.0,6.5,0
zoom-g3-patches,4,31000.0,9.4,3
breast-cancer-prediction,35,6000.0,6.5,0
genesdata,10,17000000.0,10.0,0
ravdess-facial-landmark-tracking,22,467000000.0,8.5,3
the-elec2-dataset,6,715000.0,5.9,3
sample-telco-customer-churn-dataset,1,150000.0,7.6,3
emailblog,4,16000000.0,9.4,3
bank-marketing-data-set,2,466000.0,5.3,3
tabletpc-priceclassification,59,51000.0,2.9,3
tmnist-glyphs-1812-characters,15,158000000.0,5.9,0
global-transshipment-behaviour,29,3000000.0,9.4,0
har-1,29,691000000.0,9.4,2
fire-incidents,42,926000.0,10.0,2
yugioh-normal-monster-cards,14,7000.0,9.4,0
eurusd-m15,3,101000000.0,9.1,3
south-african-powerball-results-lottery,20,37000.0,7.6,0
commercial-real-estate-for-sale,10,567000.0,7.6,3
ctr-in-advertisement,32,7000000.0,9.7,0
australia-rain-tomorrow,5,4000000.0,10.0,3
lending-club-loan-preprocessed-dataset,19,29000000.0,10.0,0
condition-monitoring-dataset-ai4i-2021,12,9000000.0,7.4,0
kinematics-motion-data,32,2000000.0,10.0,0
user-car-prices-barcelona-2022,38,19000.0,10.0,0
fiction-corpus-for-agebased-text-classification,29,534000000.0,9.4,0
bank-marketing-campaign-subscriptions,16,400000.0,8.8,0
all-premier-league-matches-20102021,49,728000.0,10.0,0
xenocanto-avian-vocalizations-canv-usa,41,1000000000.0,9.4,0
preprod-validation-records-for-ctr-prediction25m,2,1000000000.0,6.5,3
eticaret-urun-yorumlari,11,439000.0,10.0,0
amazon-ml-challenge,4,1000000000.0,5.3,3
tomato-diseases-dataset-csvimages,11,290000000.0,3.5,3
us-broadband-availability,13,1000000.0,9.7,0
nfunswnb15v2,3,50000000.0,10.0,3
corn-disease-drone-images,6,55000000000.0,8.8,3
analog-clocks,23,223000000.0,9.4,3
reuters21578-multilabel-classification-news,7,7000000.0,6.5,3
nfuqnidsv2-network-intrusion-detection-dataset,33,2000000000.0,9.4,0
student-alcohol-consumption,77,21000.0,4.7,1
hr-data-predict-change-jobscompetition-form,69,317000.0,7.1,0
glass-identification-data-set,52,4000.0,10.0,2
physionet-challenge-2016,3,217000000.0,7.6,3
turkey-earthquake-relief-tweets-dataset,32,45000.0,10.0,0
diabetes,8,9000.0,3.5,3
hate-speech-offensive-tweets-by-davidson-et-al,4,2000000.0,4.7,3
reviews-about-insurance-companies,4,3000000.0,5.9,3
tic-tac-toe,10,4000.0,10.0,3
wikipedia-promotional-articles,27,211000000.0,10.0,0
cleaned-subsets-of-google-landmarks-v2,24,16000000.0,7.6,2
jobathon-analytics-vidhya,25,1000000.0,7.6,0
nfcsecicids2018v2,2,532000000.0,10.0,3
beginner-dataset-v2,15,567000.0,10.0,0
pro-uni-scholarship-2017,26,4000000.0,7.6,0
eth-price-prediction-with-ai,0,11000.0,5.3,3
windows-store-top-apps-games,45,2000000.0,10.0,2
marketing-campaigns-of-portuguese-bank,6,69000.0,8.8,3
cleaned-daytrading-training-data,15,44000000.0,9.1,0
heavy-equipment-pricing-data,12,54000.0,7.9,3
road-sign-recognition,15,4000000000.0,9.4,0
led-dataset-resized-400-x-300-x-3,1,134000000.0,7.1,3
predicting-job-type-category-by-job-description,19,26000000.0,5.9,0
fake-news-dataset,9,45000000.0,8.2,3
hydroponics-feed,70,224000.0,9.4,2
projeto-3-segmentao-de-clientes-no-ecommerce,22,447000.0,9.4,3
topic-labeled-news-dataset,9,10000000.0,7.1,3
machine-learning-tutorials-example-projects-ai,42,2000000000.0,10.0,0
covid-flu-cold-symptoms,16,215000.0,4.7,3
audit-risk-data,32,19000.0,9.7,2
hackerearth-customer-segmentation-hackathon,12,858000.0,8.2,0
sign-language-pjm,3,105000000.0,7.1,3
5-gamers,84,176000000.0,7.1,0
flipkart-dataset,8,8000000.0,9.4,0
dog-breed-photos,4,20000000000.0,8.2,3
restaurant-review,10,22000.0,4.7,3
smoker-condition,6,38000.0,5.3,3
codeforces-dataset,16,4000000.0,7.6,0
ecommerce-shipping-data-competition-form,81,161000.0,7.1,0
gender-age-and-emotion-detection-from-voice,5,968000.0,5.3,3
m1-data,3,2000.0,10.0,3
maternal-health-risk,13,508000.0,5.9,3
shabd-complete-hindi-characters-dataset,20,362000000.0,9.7,0
cloud-cover-detection,20,17000000000.0,8.8,0
detran-accidents-2020,8,372000.0,5.3,3
handdrawn-shapes-hds-dataset,10,60000000.0,7.5,3
lol2020esports,25,151000.0,10.0,0
nfbotiotv2,2,442000000.0,10.0,3
shopee-code-league-2020-product-detection,19,4000000000.0,6.5,0
covid-confirmed-global,28,462000.0,9.4,0
myautoge-cars-dataset,11,14000000000.0,9.1,3
fraudulent-job-posting,5,8000000.0,5.3,3
trump-tweets-and-sentiment,5,3000000.0,10.0,3
stanford-dogs-csv,1,353000.0,9.4,3
berlin-bike-theft,0,895000.0,9.4,3
hackerearth-deep-learning-identify-the-snake-breed,19,101000000.0,7.1,0
speed-dating,42,360000.0,9.4,0
car-kick,15,4000000.0,10.0,0
cardio-disease,11,1000000.0,4.7,3
employees-attrition-analysis,2,122000.0,5.3,3
all-global-airports,10,65000.0,8.2,0
malware-analysis-datasets-pe-section-headers,12,1000000.0,7.1,3
rock-or-mine-classification,24,30000.0,9.7,0
102flowers-data,9,347000000.0,7.6,0
penbased-recognition-of-handwritten-digits,2,226000.0,5.3,3
indian-names-by-gender,2,163000.0,7.1,3
embedded-sys-vulnerability-detection-dataset-evdd,3,390000.0,7.1,3
malware-analysis-datasets-top1000-pe-imports,15,6000000.0,7.1,3
factors-for-preeclampsia,7,44000.0,2.4,3
precipitation-prediction-in-la,23,23000.0,10.0,0
analysis-of-coronary-artery-disease-risk-factors,5,142000.0,10.0,3
amsterdam-airbnb,18,1000000.0,7.1,3
hearthstone-decks-2022,7,137000000.0,8.5,0
unlocking-educational-success-in-baltimore-throu,4,14000.0,9.4,3
arabic-news-dataset,14,9000000.0,10.0,3
gender-detection,7,568000.0,7.1,3
name-data-set,16,5000.0,10.0,0
quads,6,42000.0,9.4,3
bank-loan-classification,30,62000.0,3.5,3
mushroom-classification,5,35000.0,6.8,3
cap-sleep-unbalanced-dataset,8,6000000000.0,6.3,3
diabetes-dataset,8,11000.0,8.2,0
fluent-speech-corpus,15,2000000000.0,8.1,3
nuclearfusion-data,1,16000000.0,7.6,3
classified-tweets,4,791000.0,4.7,3
ph-recognition,39,3000.0,7.1,3
google-audioset,17,27000000.0,7.1,3
fraud-detection-in-grocery-shopping-transactions,12,14000000.0,5.9,0
space-x-launches-falcon9-and-falcon-heavy,49,25000.0,8.2,2
nasa-near-earth-objects-information,32,1000000.0,10.0,0
playing-cards-dataset,46,2000000000.0,9.4,0
persistent-vs-nonpersistent,4,72000.0,7.1,3
minerals-identification-classification,5,843000000.0,5.3,3
pystacknet,17,1000000.0,7.1,0
iris-classification,4,1000.0,8.8,3
911calls-historic-data,19,4000000.0,10.0,0
pizza-images-with-topping-labels,17,3000000000.0,8.8,0
housecsv,20,25000.0,4.1,0
groundnut-leaves-dataset,11,8000000.0,6.5,3
lotto,3,31000.0,5.9,3
yikes-spiders-15-species,13,60000000.0,6.2,0
user-knowledge,3,3000.0,4.7,3
productrelevance,10,280000.0,9.4,3
20k-synthetic-ocr-dataset,6,178000000.0,3.5,3
classification-of-handwritten-greek-letters,8,23000000.0,5.9,3
ankurs-beer-data-set,4,1000.0,10.0,3
iot-firmware-image-classification,2,11000000.0,5.9,3
oss-vulnerabilities,28,15000000.0,10.0,2
hindi-movie-reviews-dataset,10,2000000.0,8.2,0
fraudulent-claim-on-cars-physical-damage,19,1000000.0,6.5,0
-coffeemakerclassification,31,641000.0,9.4,0
hunt-prices-for-north-american-mammals,7,7000.0,9.4,3
fitzpatrick-classification-by-ethnicity,5,237000000.0,10.0,3
french-second-hand-car,15,862000.0,8.8,0
toydatasets,9,16000.0,4.1,3
japanese-characters,4,29000000.0,10.0,3
cotatenis-sneakers,23,246000000.0,9.4,0
target-domains-for-iab-textwebsite-classification,7,523000000.0,9.7,0
spaceship-titanic-cleaned-and-imputed,5,142000.0,10.0,3
bob-ross-statistics,10,99000.0,10.0,0
company-classification,17,128000000.0,8.2,3
medical-masks-p5,11,93000000000.0,8.2,3
medical-masks-p6,13,93000000000.0,8.2,0
medical-masks-p4,14,91000000000.0,8.2,3
benign-and-malicious-urls,7,12000000.0,7.6,3
10kgnad,35,21000000.0,8.2,0
rnsamamographt512px8bit,1,8000000000.0,2.9,3
axis-bank,13,216000.0,9.7,0
population-estimates-and-projections,45,19000000.0,9.1,0
new-horizons-catalog-animal-horizon,16,1000000.0,8.8,3
gold-commodity-news-and-dimensions,4,554000.0,8.8,3
newsarticlecategories,8,10000000.0,9.4,3
product-backorder-dataset,3,317000.0,7.1,3
digital-advertising-conversion-fraud,39,77000000.0,9.4,0
abalone,5,68000.0,5.9,3
monk-problem,4,3000.0,5.9,3
odia-news-dataset,13,694000.0,8.2,0
ukrainian-text-of-user-feedbacks-about-online-shop,2,2000000.0,9.4,3
phonereviews,10,96000000.0,4.7,0
meta-hd,6,6000.0,8.2,3
metal-furnace-dataset,13,20000.0,5.3,3
mayo-competition-dataset,1,25000000.0,5.9,3
machinehack-ml-merchandise-popularity-prediction,9,865000.0,6.5,0
jpeg-stegochecker-dataset,3,7000000000.0,5.6,3
machine-learning,19,534000.0,5.9,0
smsspamcollection,14,23000.0,8.2,3
absenteeism-at-work,6,8000.0,7.1,0
celsius-to-fahrenheit,7,75000.0,5.3,3
breast-cancer-dataset,10,4000.0,5.9,3
product-clustering-matching-classification,23,23000000.0,8.5,0
amazon-reviews-for-sentianalysis-finegrained-csv,13,655000000.0,10.0,0
detecting-anomalies-in-water-manufacturing,8,124000.0,6.5,3
nykaa-app-review-sentiment,8,4000000.0,10.0,3
fake-news,12,39000000.0,4.7,3
teen-pregnancy-females-aged-15-to-19,35,13000.0,9.7,0
heart-dataset,5,3000.0,5.9,3
tamil-language-corpus-for-nlp,30,2000000000.0,8.2,0
credit-risk-analysis,25,94000000.0,6.5,3
bitcoin-heist-ransomware-address-dataset,2,117000000.0,8.2,3
ski-resort-data,17,12000.0,8.5,0
hr-attrition-dataset,19,41000.0,10.0,3
hyperspectral-library-of-agricultural-crops-usgs,3,5000000.0,8.5,3
iphone-12-predictive-dataset,2,4000.0,5.9,3
hepatitis,8,3000.0,5.3,3
mens-shoe-prices,66,6000000.0,9.7,0
spacex-falcon9-launch-data,10,2000.0,8.8,0
aspect-based-sentiment-analysis-for-financial-news,38,362000.0,10.0,0
oscar-prediction-dataset,3,74000.0,5.3,3
twitch-streamers-comparing-top-streamers-across,5,40000.0,9.4,3
credit-bank-datacsv,3,3000000.0,4.1,3
2019-database-of-road-traffic-injuries,20,5000000.0,10.0,3
bank-term-deposit,7,65000.0,8.8,3
dummy-data-for-classification,3,14000.0,10.0,3
top-50-indian-singers-song-data-from-spotify,6,136000.0,4.7,3
shirt-size-recommendation,21,8000.0,6.5,0
music-instrument-images-dataset,36,14000000.0,9.4,0
abalone-uci,19,54000.0,7.1,3
iris-flower-dataset,5,1000.0,9.4,3
books-reviews,14,5000000.0,10.0,0
early-stage-diabetes-2020,24,3000.0,5.9,0
chinese-calligraphy-styles-by-calligraphers,36,191000000.0,9.1,0
imdb-movie-reviews-250k-movie-reviews-sentiment,1,129000000.0,2.9,3
english-fontnumber-recognition,20,71000000.0,10.0,0
retail-chain-salespeople-engagement,30,45000.0,10.0,0
hows-that-dog-for-me,32,8000.0,9.4,2
lead-score-case-study,18,24000000.0,8.8,0
epilepsy-guinea-bissau-dataset,2,155000000.0,5.9,3
occupancy-detection-dataset,9,218000.0,7.1,0
supermarket-sales,1,37000.0,2.9,3
multivariate-geochemical-classification,14,44000.0,9.4,0
igns-best-game-of-all-time-bracket,7,4000.0,10.0,3
bank-customer-dataset,1,182000.0,7.1,3
imdb-movie-review-dataset,7,27000000.0,5.9,3
indian-names-male-and-female,6,552000.0,5.3,3
music-classification-wav,17,45000000000.0,8.2,0
list-of-cities-proper-by-population-density,69,3000.0,9.4,0
chopped-10-years-of-episode-data,41,313000.0,10.0,0
wine-quality-red-and-white,6,118000.0,6.5,3
loan-prediction,0,7000.0,5.9,3
persian-movie-dataset-english-persian,9,2000000.0,7.1,3
hpa-train-data-with-additional-metadata,23,902000000.0,10.0,0
video-game-tweets,5,112000.0,7.6,3
ufpi-ncad-iot-attacks,13,38000000.0,6.5,3
real-or-fake-jobs,32,17000000.0,10.0,0
internet,12,94000.0,9.4,3
credit-card-lead-prediction-analytics-vidhya,4,7000000.0,6.5,3
mame-dataset,9,724000000.0,8.8,3
data-science-global-trends-2010-2021,50,12000.0,8.8,2
charsense-dataset,8,39000000.0,7.6,3
stackoverflow-questions-classification-challenge,9,7000000.0,10.0,0
dsa-test-dataset,4,4000.0,5.9,3
facebook-ads,1,19000.0,4.1,3
students-dropout-and-academic-success,1,108000.0,4.1,3
heart-disease-activity,4,997000.0,9.1,3
naivebayesleariningsamples,1,1000000.0,6.5,3
glass-types,2,3000.0,3.5,3
ba-freelancer-germany,3,1000000.0,7.1,3
sustainable-development-report-2022,2,1000000.0,8.8,3
mushrooms,1,377000000.0,5.3,3
wa-sheep-behaviour-accelerometer-data,9,158000000.0,7.6,0
csgo-tournament-operators-2021,9,1000.0,9.4,3
mbti-personality,3,26000000.0,5.0,3
forex-data-sell-strategy,3,1000000.0,9.4,3
public-gaming-investment-transactions-2020,6,5000.0,9.4,3
ip-address-automl-benchmark-v4,1,9000000.0,3.5,3
ip-address-automl-benchmark-v1,1,9000000.0,3.5,3
ip-address-automl-benchmark-v3,1,9000000.0,3.5,3
wordle-games,1,100000000.0,7.1,3
salary-survey-data,6,9000000.0,4.7,3
ibm-attrition-dataset,10,19000.0,10.0,3
medical-masks-part2,24,86000000000.0,8.2,0
expresso-churn-prediction-challenge,18,115000000.0,4.7,0
networkslicing,4,308000.0,5.9,3
waitlist-kidney-brazil,14,2000000.0,7.9,3
ogbn-arxiv,5,169000000.0,7.6,3
consumer-complaint-resolution-data-set,3,46000000.0,5.9,3
analytics-vidhya-loan-prediction,7,14000.0,5.3,3
sleepqual-and-bhealth-dataset,6,20000.0,4.7,3
patient-health-scores-for-ehr-data,6,574000.0,3.5,3
anime-quotes-dataset,10,556000.0,9.7,0
consumer-complaint-finance,45,407000000.0,9.4,2
philippine-drug-war-casualties,15,7000.0,9.4,3
7k-indian-famous-women,89,202000.0,10.0,1
turkish-sms-collection,8,204000.0,5.9,3
flight-vs-train,30,677.0,10.0,0
nfl20102021offdefplayoffteamstats,3,14000.0,6.5,3
vehicle-stolen-dataset,11,738.0,5.9,3
companion-plants,7,5000.0,8.8,3
usa-seattle-city-police-department-crime-data,27,40000000.0,9.4,0
y79-retinoblastoma-cells,18,1000.0,10.0,0
cicbotiot,3,1000000000.0,10.0,3
ebay-reviews,7,6000000.0,8.5,3
telecomagentcustomerinteractiontext,9,4000.0,10.0,3
fertile-man-semen-parameters-2020-who,6,97000.0,10.0,3
electronics-data,1,78000.0,5.9,3
api-access-behaviour-anomaly-dataset,26,16000000.0,10.0,0
diabetes-specific-data-all-countries,1,406000.0,8.2,3
hirise-map-mars-nasa-image,8,2000000000.0,7.6,0
titlebased-semantic-subject-indexing,21,1000000000.0,5.9,0
crop-damage-information-in-india,4,693000.0,5.9,3
path-planning,34,163000.0,7.6,0
virus-images,18,2000000000.0,6.9,0
traditional-decor-patterns,34,73000000.0,7.1,0
aim-technologies-predict-the-dialectal-arabic,6,35000000.0,8.5,3
wne-qualty-by-uci,7,102000.0,10.0,3
twitter-dataset-of-facebook,1,1000000.0,10.0,3
hackerearth-ml-solving-the-citizens-grievances,12,1000000.0,7.5,0
cictoniot,3,370000000.0,10.0,3
medical-masks-p3,15,85000000000.0,8.2,0
ukrainian-fake-and-true-news,15,9000000.0,10.0,0
bengali-news-dataset,6,13000000.0,8.2,3
bbbc021,1,47000000000.0,5.6,3
kerala-bird-atlas-20152020,31,3000000.0,10.0,0
creditscoring-data,6,70000.0,7.1,3
phishing-and-benign-websites,5,879000.0,9.4,3
linaige,8,2000000.0,7.1,3
ogbn-proteins,4,678000000.0,7.1,3
reproductive-childhealthcare,10,40000.0,6.5,3
crowdsourced-football-strategy-decisions,3,62000.0,9.4,3
software-defined-network-specific-dataset,1,17000000.0,5.9,3
comic-books-current-values-and-other-data,12,137000000.0,9.4,3
yourcabs,5,1000000.0,6.2,3
textforge-datasets,0,278000000.0,5.3,3
realtime-pond-water-dataset-for-fish-farming,5,2000.0,6.5,3
uci-drug,9,43000000.0,6.8,3
cars-in-the-middle-east,4,1000000.0,10.0,3
credit-data,11,329000.0,8.2,3
france-geolocated-dvf-land-values,4,547000000.0,6.5,3
is-this-a-good-customer,24,20000.0,10.0,0
datasets-for-natural-language-processing,13,161000000.0,8.1,3
titanic-combined-dataset-with-relatiships,9,36000.0,10.0,3
yorumsepeti,10,2000000.0,10.0,0
property-data,18,10000000.0,9.7,3
aviation-accidents-and-incidents-ntsb-faa-waas,18,13000000.0,9.4,3
chicago-food-inspections,22,55000000.0,9.4,0
emg-gesture-classification-thumbs-up-and-down,11,67000000.0,5.9,3
digix-global-ai-challenge,5,922000000.0,5.9,3
ukrainian-descriptions-of-words,24,12000.0,10.0,2
iris-dataset,2,1000.0,5.9,3
svhn-preproccessed-fragments,20,1000000000.0,7.1,0
libraries-in-poland,10,832.0,9.4,0
titanic-all-zeros-csv-file,37,944.0,10.0,2
fake-news-dataset-combined-different-sources,7,84000000.0,3.5,3
birdclef2020-validation-audio-and-ground-truth,15,835000000.0,7.6,0
income,17,327000.0,7.6,0
deloitte-hackathon,6,9000000.0,6.5,3
pokemon-sprites-images,7,21000000.0,5.3,3
telecom-customer-churn,3,119000.0,7.6,3
shopify-stores-by-shopgramio,16,106000000.0,9.4,0
sephora-twitter-dataset,5,16000000.0,4.1,3
coursera-ipo-worldwide-trends,50,5000.0,8.2,0
ds-francis,3,1000.0,5.9,3
fake-news-content-detection,7,549000.0,7.6,3
password-strength-classifier,4,5000000.0,4.7,3
sri-lanka-electronic-ads-dataset,7,83000000.0,9.4,0
defaulter,34,153000.0,8.8,0
thoraic-surgery-dataset,7,4000.0,5.9,3
amazon-bin-image-dataset-file-list,24,2000000.0,10.0,0
credit-card,12,280000.0,8.8,3
curriculum-vitae,1,4000000.0,2.9,3
hepatitis-c-virus-hcv,12,68000.0,5.9,0
online-retail-dataset,32,8000000.0,7.1,0
bertembedded-spam-messages,9,21000000.0,9.7,3
a-test-case-data-set-with-requirements,12,55000.0,6.8,3
-world-metro,32,7000.0,10.0,0
raman-spectroscopy-for-detecting-covid19,12,4000000.0,9.4,3
color-polygon-images,25,8000000.0,10.0,0
abortion-statistics-year-ended-december-2019,26,3000.0,7.1,0
onlinenewspopularity,5,8000000.0,7.6,3
predict-click-through-rate-ctr-for-a-website,19,24000000.0,5.9,3
esigning-of-loanbased-on-financial-history,16,818000.0,8.8,0
bts-youtube-channel-dataset-thumnails-img,60,51000000.0,9.4,0
credit-approval-data-set,19,24000.0,8.2,0
breastcancer-dataset,2,50000.0,4.7,3
ogbn-products,4,4000000000.0,7.1,3
ipl-dataset,3,5000.0,6.5,3
stroke-mortality,4,2000000.0,4.7,3
mechanical-analysis,26,120000.0,10.0,0
dubai-animal-registrations,8,2000000.0,10.0,0
country-codes,17,44000.0,8.2,3
journal-entries-with-labelled-emotions,1,114000.0,7.9,3
gtzan-modified-music-genre-classification,1,1000000000.0,6.5,3
covid19-go-away-2020-c19ga20,21,84000.0,6.5,0
a-dataset-of-watches,3,871000000.0,8.1,3
fault-classification-in-rock-drills,1,431000000.0,8.8,3
question-classification,24,141000.0,10.0,3
lifeexpectancy,34,4000.0,9.4,0
analyticvidhyadatasetsentiment,14,7000000.0,3.5,3
business-articles-classification-dataset,3,18000000.0,5.3,3
ssd-reviews,8,376000.0,10.0,3
flowers-recognition-dataset,9,236000000.0,8.8,3
news-clickbait-dataset,7,2000000.0,8.2,3
covid19-vaccine-tweets,5,98000.0,5.9,3
success-of-bank-telemarketing-data,12,127000.0,7.1,3
pump-it-up-data-mining-the-water-table,1,5000000.0,8.5,3
urdu-news-headlines,123,65000.0,10.0,1
news-bias,1,115000000.0,5.3,3
tab-preferences,0,467.0,7.6,3
geographical-origin-of-music,10,726000.0,8.2,3
sinhala-unicode-hate-speech,17,339000.0,10.0,3
student-performance-data-set-y-uci,4,8000.0,4.1,3
hattirckorg-matches-dataset,8,143000.0,7.6,3
donacilla-cornea-shell-size-and-coloration-ua,21,7000.0,9.4,0
sampledtftpattackcicddos2019,1,13000000.0,4.7,3
amazon-reviews,1,120000000.0,4.7,3
online-poker-games,3,2000000.0,10.0,3
russian-corpus-of-biographical-texts,4,333000.0,7.6,3
list-of-semiautomatic-pistols,10,8000.0,9.4,3
gibberish-text-classification,7,180000000.0,6.8,3
nintendo3ds-games,18,55000.0,9.4,0
india-fertility-rate-across-states-and-ut,8,983.0,7.6,0
speech-accent-recognition,6,354000.0,9.7,0
famous-tumor-prediction-problem-dataset,4,90000.0,5.9,3
imported-data,13,717000000.0,3.5,0
knn-classifier,7,1000.0,5.3,3
data-for-activity-recognition,8,5000000.0,9.1,3
turkish-product-review-dataset,3,22000000.0,4.7,3
tictactoe-endgame-data-set,11,6000.0,8.2,0
sdss-dr16-sloan-digital-sky-survey,6,36000000.0,5.9,3
sentiment-dataset,5,112000.0,8.8,3
product-browse-node-classification-dataset,10,1000000000.0,8.8,3
3d-kinect-total-body-database-for-back-stretches,16,34000000.0,8.8,0
driving-dataset-hcilab,10,42000000.0,9.1,0
kingcountyhousing,7,135000.0,7.6,3
guitar-sounds,9,28000000.0,7.6,0
rsnamiccaibraintumorradiogenomic512png,4,7000000000.0,5.6,3
fake-and-real-news-data,2,24000000.0,7.6,3
fifa-soccer-dataset,6,4000.0,5.9,3
bbc-articles,2,2000000.0,5.3,3
list-of-gambling-providers-2022-short-list,12,4000.0,9.4,0
igaming-events-and-expos-2023-short,1,4000.0,9.4,3
zoo-animals,8,1000.0,5.3,3
gaming-events-and-expos-2022-2023,7,12000.0,9.4,3
bsl-british-sign-language-numbers-dataset,11,716000.0,8.8,0
handwritten-digits-and-english-characters,1,85000000.0,6.5,3
av-hacklive-guided-hackathon,1,858000.0,9.7,3
bestbuysalaries,2,5000000.0,4.1,3
robot-execution-failures,12,45000.0,7.1,0
fraud-challenge-data,12,18000000.0,6.5,3
museum-visitors,16,2000.0,2.4,0
clash-royale-matches,14,7000.0,10.0,3
spam-email-from-enron-dataset,1,3000000.0,9.4,3
congressional-voting-records-data-set,8,6000.0,7.6,0
phishing-url-binary-datatset,4,84000.0,5.9,3
russian-jokes,4,14000000.0,8.8,3
frenchfakenewsdetector,7,3000000.0,6.8,3
insurance-dataset,5,267.0,4.7,3
list-of-most-popular-dog-breeds,32,2000.0,10.0,0
ethereum-fraud-detection,8,945000.0,8.8,3
promo-abuse-detection-for-payment-apps,12,25000.0,8.8,0
av-janatahack-crosssell-prediction,1,7000000.0,8.8,3
tamil-binary-classification-1k-tweets-labels-v1,2,105000.0,5.9,3
name-by-nationality,13,19000.0,5.9,3
new-dataset-for-text-classification-ag-news,10,12000000.0,10.0,3
world-population-data,30,71000.0,9.7,0
pyafbf-textures-set-001,1,157000000.0,8.8,3
crystal-structure-dataset,21,172000.0,9.4,0
writers,11,2000000.0,10.0,0
icm-problem-d,14,281000000.0,9.7,0
breastcancerwisconsin,13,6000.0,9.4,3
volcano,21,805000.0,6.5,0
detect-emotions-of-your-favorite-toons,5,47000000.0,5.3,3
pittsburgh-bridges-data-set,9,6000.0,10.0,0
spectrodatarml201610a,4,4000000000.0,6.5,3
pcosdata,2,30000.0,6.5,3
anti-freeze-protein-classification,11,12000000.0,5.9,0
bike-buying-prediction-for-adventure-works-cycles,5,820000.0,5.3,3
turkish-music-emotion-dataset,8,263000000.0,4.7,3
bond-girl-dataset,3,2000.0,10.0,3
omicron-variant-rnn-ml-gen-prediction-ai-project,19,732000.0,10.0,0
tamil-nadu-2021-state-elections,12,101000.0,10.0,0
condon-usage-dataset,43,2000000.0,10.0,0
pokemonunitedataset,10,4000.0,10.0,3
data-of-rotary-machine-defects,14,270000000.0,6.5,3
marathi-news-dataset,11,508000.0,7.6,3
kun-uz-yangiliklar,25,117000000.0,10.0,0
play-to-earn-p2e-games-2021,14,3000.0,10.0,0
airports,27,349000.0,9.4,0
mbti-kpop-instagram-captions,0,6000000.0,5.3,3
aac-and-dipeptide-protein-dataset,8,4000000.0,6.2,0
bangla-sign-alphabet-dataset,0,17000000.0,8.8,3
novel-covid19-chestxray-repository,7,1000000000.0,8.1,3
email-hamspam-dataset,4,3000000.0,4.1,3
formula-one-complete-data-20062013,30,662.0,10.0,0
covid19-detection,6,388000000.0,5.3,3
cuneiform-language-identification,18,985000.0,10.0,0
house-typestyle-detection,0,43000000.0,8.8,3
ten-ads-optimization,9,19000.0,5.3,0
airplanesbirds,2,247000000.0,4.4,3
hcc-survival-data-set,22,8000.0,7.1,3
dataset-aroma-tahu-berfomalin,14,22000.0,10.0,3
pollution-india-2010,11,2000.0,4.7,3
stack-overflow-developer-survey-20112022,24,96000000.0,9.4,0
mbtitypes,16,1000000.0,9.4,0
quora-duplicate-qns,7,6000000.0,9.4,3
newsdf,2,73000000.0,7.6,3
elon-musk-tweets,17,1000000.0,10.0,0
predict-students-knowledge-level,6,5000.0,4.7,3
sample-0,3,7000000000.0,4.7,3
steel-plates-faults,11,209000.0,7.6,0
live-games-casinos-list-2020,8,4000.0,9.4,3
women-health-care-requirements,17,7000000.0,3.5,3
sanskrit-shlokas-dataset,21,26000.0,7.6,0
credit-card-fraud-dataset,4,17000.0,5.9,3
clothing-shoes-and-jewellery-reviews,8,60000000.0,8.8,0
orbitclassification,26,83000.0,10.0,0
bike-underground-detection,2,28000000.0,8.5,3
india-loksabha-elections-data19622019,25,638000.0,8.8,0
google-play-store-reviews,1,4000000.0,5.9,3
177k-english-song-data-from-20082017,32,614000.0,9.7,0
moths-image-datasetclassification,14,309000000.0,7.1,0
dbpedia-country-information,7,729000.0,10.0,3
iot-sensorscsv,4,403.0,4.7,3
nepali-news-dataset,8,1000000.0,7.6,3
health-insurance,4,1000000.0,4.1,3
breast-cancer-feature,4,157000.0,2.9,3
774-programming-ytb-comments-dataset,6,24000.0,10.0,3
homebrew-beer-recipes,6,3000000.0,5.9,3
forecast-cyclically-demanded-products,6,8000000.0,5.3,3
gujarati-news-dataset,4,314000.0,8.2,3
question-answer-dataset,29,7000000.0,9.4,0
seismic-bumps-data-set,12,31000.0,5.9,0
kannada-news-dataset,4,317000.0,8.2,3
speaker-accent-recognition-datasets,17,618000.0,5.3,0
lidardataframes,3,259000.0,5.3,3
classification-and-rule-assignment-on-firewall,3,4000000.0,4.7,3
crime-propensity-prisoner-dataset,3,2000.0,4.7,3
mementoml,2,69000000.0,5.3,3
classification-for-beginners,8,29000.0,3.5,0
charaters-for-detection-classification,6,251000000.0,7.1,3
mnist-easy,6,16000000.0,8.8,3
transport-incident,2,830.0,2.9,3
predicting-response-based-on-engagement-kpis,11,94000.0,8.2,0
mnist-5k,5,347000.0,9.1,3
korean-extremist-website-womad-hate-speech-data,12,69000.0,4.1,3
brain-dataset-of-multiple-sclerosis-for-prediction,7,81000.0,4.1,3
lol-victory-prediction-from-champion-selection,8,21000000.0,9.4,3
iconic-wwii-aircraft-imagesclassification,11,266000000.0,8.8,0
classification-of-robots-from-their-conversation,13,13000000.0,10.0,3
news-article-data-set-from-indian-express,5,23000000.0,9.4,3
univai-dataset,1,5000000.0,5.9,3
covid19-french-news-dataset,10,12000000.0,9.4,3
telugu-6-vowel-dataset,22,9000000.0,8.2,0
animals-with-skelet-key-points-and-action-mark,11,38000000.0,6.8,0
usedcarpriceprediction-webscrapequikrpage,7,431000.0,5.3,3
naturalistic-driving-data-sets-for-icrds,1,77000000.0,5.9,3
questions-chapter-classification,11,14000000.0,8.8,0
uci-wine-dataset-edit,3,5000.0,5.9,3
diamonds,1,596000.0,8.2,3
nepcov19tweets,4,4000000.0,9.4,3
visa-regime-of-russia,42,2000.0,9.4,2
nlp-for-10k-german-news-articles,8,129000000.0,8.8,3
tweet-snflandrma,1,188000.0,3.5,3
youtube-cryptocurrency-and-nft-accounts-2022,9,10000.0,9.4,3
emotions,2,126000.0,3.5,3
vk-group-classificaton,6,72000000.0,5.3,3
telescope-spectrum-gamma-or-hadron,13,660000.0,10.0,3
dataset-1,2,48000000.0,5.3,3
fifa-19-player-rating,3,2000000.0,2.9,3
bnf-chapter-mapping,1,11000.0,6.5,3
urban-sound-8k-images,7,227000000.0,9.4,3
swiss-german-court-rulings,4,2000000000.0,7.1,3
ad-click-data,3,38000.0,2.9,3
used-cars-scraped-data,0,440000.0,5.3,3
us-presidential-election-data,59,2000000.0,4.7,2
nfuqnidsv2,2,2000000000.0,10.0,3
analyzing-sentiments-related-to-various-products,15,407000.0,8.8,0
gtzan-stems,11,14000000000.0,9.7,3
jobathon-march-2022,10,177000.0,7.6,0
big-language-detection-dataset,7,219000000.0,10.0,0
weight-lifting-exercises,14,482000.0,5.3,3
predicting-employee-attrition,5,166000.0,5.9,3
usa-troop-data-in-europe,2,3000.0,8.2,3
fastai-imagenet,9,348000000.0,10.0,3
metal-albums-artwork,9,2000000000.0,7.6,3
pharyngitis,10,7000.0,8.2,0
german-credit-card-fraudlent-dataset,5,19000.0,4.1,3
weightheight,8,171000.0,5.3,0
road-crossing-dataset,9,2000000000.0,6.2,3
beat-bobby-flay-results-of-over-300-episodes,10,22000.0,10.0,0
crypto-trading-and-technical-indicators,3,85000.0,9.4,3
credit-approval-loan,13,1000000.0,6.8,0
inertial-data-for-dog-behaviour-classification,6,476000000.0,8.8,3
patient-treatment-classification,12,53000.0,5.3,3
monthly-orders-for-snacksmunchies-application,8,3000.0,8.5,0
crowd-11,1,165000.0,6.5,3
axial-age-dataset,69,2000.0,9.4,2
df-cleancsv,14,6000.0,9.7,3
sorghumfgvc9png512512,2,19000000000.0,5.9,3
plant-pathology-2021resized-512-x-512,6,2000000000.0,7.4,3
floods-pakistan,13,1000.0,10.0,0
g2netsignalgenerate,20,15000000000.0,8.1,0
wbc-data,4,6000.0,8.5,3
packt-books-dataset,11,591000.0,9.4,0
back-orders,3,1000000.0,5.3,3
dota2-pro-players-matches-2019-202106,44,52000000.0,10.0,2
shopping-annual-income,8,2000.0,5.3,3
feynman-diagrams-csv-png,63,967000.0,9.4,0
language-detection-dataset,2,11000000.0,3.5,3
the-kvasircapsule-dataset,2,830000000.0,4.1,3
election-results-who-is-winning,5,74000.0,10.0,3
winecsv,1,4000.0,2.9,3
eucalyptus,12,11000.0,9.1,0
github-bugs-prediction-challenge-machine-hack,28,103000000.0,6.5,2
malyalam-news-dataset,10,331000.0,7.6,3
flower-data-extension,3,50000000.0,8.8,3
us-covid-tweets,7,157000000.0,8.8,3
jobs-and-job-description,2,2000000.0,5.9,3
credit-card-lead-prediction,3,7000000.0,5.3,3
evolution-of-debt-distress-in-hipc-countries,8,35000.0,10.0,3
quora-question-pairs-russian,5,27000000.0,7.1,3
challenge-img-classification,0,62000000.0,8.2,3
test-case-prioritization-data,5,562000.0,7.6,3
birds-are-flying,8,15000000.0,8.8,3
wine-quality-dataset,4,26000.0,7.6,3
babd13,6,198000000.0,7.6,3
parkinsons-voice-data-sri-lanka,3,8000.0,5.3,3
urdu-artificial-text-text-detection,8,352000000.0,8.8,0
jobathon-analytics-vidhya-health-insurance,13,1000000.0,7.6,0
100k-records,1,3000000.0,4.7,3
mobile-roboticsolfaction,2,183000.0,7.4,3
bank-loan-risk-assessment-dataset,10,2000000.0,4.7,3
insurance-product-purchase-prediction,12,7000000.0,8.2,3
cvscsv,0,9000000.0,3.5,3
sanction-loan,9,3000000.0,4.7,3
text-examples-for-processing-classification,9,9000.0,6.5,0
cassava-plant-disease-merged-20192020,14,12000000000.0,9.4,0
walch-apple-watch-sleep-dataset,3,612000000.0,5.6,3
shark-attack,12,28000.0,5.3,3
room-occupancy,10,33000.0,7.6,3
logarithmic-spectrograms-birdclef-2022,5,28000000000.0,8.1,3
top-rated-movies-rated-by-imdb,1,3000000.0,8.8,3
ml-binary-classification-study-data,5,82000.0,4.1,3
wili-2018,6,63000000.0,7.1,3
zoo-animals,4,1000.0,4.1,3
ted-talks-dataset-5600,3,309000.0,10.0,3
bbc-television-advertisementcsv,8,6000000.0,8.2,3
kenyapopulationdistibution-2019-censuscsv,1,1000.0,9.4,3
tweets-sentiment-classification,3,587000.0,4.7,3
sri-lanka-property-ads-dataset,6,41000000.0,7.6,3
nasdaq-listings,16,33000.0,10.0,3
crop-pest-details,0,28000.0,8.2,3
digikala-sentimentanalysis-3milioncomments,6,185000000.0,5.3,3
live-roulette-types-in-online-casinos-2020,8,2000.0,9.4,3
loan-data,4,9000000.0,6.5,3
classification-dataset-10-classes,3,77000000.0,5.3,3
opinion-value,5,765000.0,8.5,3
stress-posts,1,10000.0,4.1,3
qsar-bioconcentration-classes-dataset,1,22000.0,8.2,3
person-information,6,1000.0,5.3,3
aeon-mall-bsd-city-stores-info,1,25000.0,2.4,3
metacritic-video-game-comments,31,83000000.0,8.8,0
cov19-open-data-mexico,6,130000000.0,8.2,3
room-occupancy-prediction-iot,2,322000.0,3.5,3
fifa22-detail-dataset-male-and-female-updated,1,114000000.0,4.7,3
ogbn-mag,2,853000000.0,7.1,3
irisflowers,1,1000.0,4.7,3
flaglike,4,125000.0,6.5,3
loan-defaulter-classification,4,72000000.0,4.7,3
concept-drifted-data,7,42000000.0,7.1,3
contexttopic-classification-from-statement,5,4000000.0,5.9,3
list-of-pistols,23,8000.0,10.0,3
birds-audio,0,811000000.0,8.2,3
banks-loan,19,5000000.0,5.3,0
ceph-drive-telemetry-data,3,2000000000.0,10.0,3
adult-census-income-data,6,722000.0,8.2,3
spaceship-titanic-completed,2,594000.0,5.3,3
blockchain-events-and-expos-2022-2023,6,5000.0,9.4,3
jigsawpuzzle,19,2000000000.0,9.4,0
my-dear-watson-translated-text,5,3000000.0,9.4,3
butterfly-mimics-2022,2,43000000.0,10.0,3
2018-acs-pums-new-york-only,1,51000000.0,5.3,3
industrial-security-clearances-classified,2,3000000.0,7.9,3
face-mask-dataset,10,236000000.0,5.9,3
victorianlit,1,2000000.0,8.2,3
youtube-classification-dataset,3,241000.0,2.9,3
vaccine-hesitancy-canada-cosmo-survey,12,4000000.0,9.7,0
news-magazine-classifier,4,2000000.0,7.6,3
lonelydataset,3,796.0,8.2,3
webscreenshots,9,457000000.0,6.5,3
secondary-mushroom-dataset,10,521000.0,6.5,0
dairy-products,2,4000.0,4.1,3
tweeteval-a-multi-task-classification-benchmark,6,9000000.0,9.4,3
loan-approval-systemlas,10,8000.0,7.6,3
the-cars,13,5000.0,5.3,3
brats2019-1,2,3000000000.0,2.4,3
testcase-data-set-of-an-mis-system-with-priority,6,33000.0,7.1,3
bank-marketing,20,434000.0,7.6,3
data-tweet,2,16000000.0,2.9,3
sorghum-fgvc9-clahe-256,6,7000000000.0,9.4,0
andrewng-machine-learning-tweets,17,127000.0,7.1,0
twitter-duygu-analizi,1,186000.0,2.9,3
the-20-newsgroups-data-set-for-text-classificati,5,44000000.0,9.4,3
aam-avaliacao-dataset,1,726000.0,4.7,3
vhs-22-network-traffic-dataset,6,2000000000.0,5.9,3
indian-unicorn,24,5000.0,10.0,0
autosdataset,6,18000000.0,4.1,3
toxic-comment-detection-multilingual-extended,10,52000000.0,5.3,3
japan-loto7-raw-data,11,9000.0,10.0,3
ikea-playstore-reviews,4,179000.0,5.3,3
blog-or-not-dataset,9,2000000.0,9.4,0
microcalcification-classification,13,176000.0,10.0,0
urban-sound-8k,13,6000000000.0,8.2,0
spanish-tweets-suggesting-depression,10,40000.0,8.2,3
benchmarking-dataset-for-fair-ml,1,32000.0,9.1,3
mars-landmarks,14,986000000.0,7.1,3
butterflies-100-image-dataset-classification,4,476000000.0,5.9,3
l3das22,12,78000000000.0,8.1,3
pe-header-data,1,12000000.0,5.9,3
cleaned-algerian-forest,1,4000.0,7.1,3
lung-dataset,4,271000.0,4.1,3
france-football-from-1950-to-2022,0,1000000.0,5.3,3
worldbankprojects-6-14,7,3000000.0,3.5,0
the-kaggle-dataset,22,5000000.0,9.4,0
san-diego-boarding-and-accommodation-trends,1,71000000.0,8.8,3
world-stock-indices,2,31000.0,2.4,3
hr-employee-retention-dataset,1,131000.0,2.9,3
development-index,6,4000.0,2.9,3
arabic-news-texts-corpus,1,4000000.0,2.9,3
sportsdataset,3,352000000.0,3.5,3
datasets-mechanical-rotation,9,2000.0,6.2,0
fraud-transactions-detection,10,184000.0,9.4,0
clean-classification-data,30,798000.0,4.7,2
manga-plots-and-demographics,1,304000.0,5.9,3
clean-netflix-appetency-data,32,46000000.0,4.7,2
loan-default-prediction,1,7000000.0,4.1,3
money-spent,2,903000.0,2.9,3
rukopys,5,1000000.0,9.4,3
horse-colic-dataset,9,83000.0,8.8,0
movie-rating,14,896000.0,10.0,3
indian-house-rent-dataset,1,185000.0,5.9,3
stimulated-agriculture-us,11,4000.0,7.1,0
loan-dataset,8,3000.0,5.6,0
anuran-calls-mfccs,7,1000000.0,5.9,3
youtube-spam-collection,11,164000.0,5.3,3
pyafbf-textures-set-002,4,163000000.0,8.8,3
country-vaccinations,10,679000.0,2.9,0
34740-hit-and-nonhit-songs-spotify-features,11,2000000.0,5.9,3
thyroid-dataset,4,46000.0,2.9,3
sirna-activity,5,25000.0,9.4,3
wine-quality-dataset,5,25000.0,3.5,3
titanic,2,23000.0,8.8,3
brazilian-administrative-decrees,0,40000000.0,7.1,3
marathi-news-dataset-cleaned,4,497000.0,5.9,3
dblpscholar,0,4000000.0,5.9,3
bengali-medical-dataset,12,52000.0,9.4,3
tabular-dataset,2,98000000.0,2.9,3
landslide,0,1000000.0,3.5,3
toxiccommentscleaned,3,239000000.0,4.7,3
covid19-timeseries-metrics-by-county-and-state,9,1000000.0,5.9,0
flight-data-of-airline,4,151000.0,5.3,3
birdclef-2022-spectrograms,4,28000000000.0,8.1,3
retail-sales-data-plus-index,7,7000.0,2.9,3
synthetic-lego-images,0,5000000000.0,8.8,3
mu-variant-b1621-data,5,3000.0,10.0,3
gigaflexhicle,15,107000000000.0,4.7,0
crimes-in-usa-from-1960-to-2014,3,4000.0,3.5,3
usa-public-companies,14,992000.0,7.1,0
asteroseismology-of-16000-kepler-red-giants,9,818000.0,10.0,3
bangla-music-dataset,8,494000.0,8.2,3
mq-sensors-for-electronic-nose-system,5,120000.0,6.2,3
reddit-raskscience-flair-dataset,9,68000000.0,9.4,3
bibliaptbr,1,1000000.0,5.9,3
pre-prod-data-verification-with-2m-records,3,57000000.0,5.3,3
sri-lanka-animal-prices-dataset,28,1000000.0,10.0,0
janatahack-machine-learning-for-banking,1,5000000.0,4.7,3
most-popular-baby-names-in-nyc,12,88000.0,5.3,3
national-hockey-league-interviews,9,2000000.0,10.0,3
smart-phones-brands,2,263000000.0,2.9,3
san-francisco-airport-runway-use,27,2000.0,10.0,0
graphs-classification,1,57000000.0,8.2,3
message-polarity-prediction,1,213000.0,5.9,3
contradictory-my-dear-watsonmore-data,7,8000000.0,7.6,0
unlock-smarter-querying-with-lc-quad-2-0,1,3000000.0,9.4,3
us-senate-elections-data,4,69000.0,9.4,3
haberman-dataset,3,3000.0,7.1,3
bank-loan-related-train-and-test-dataset,3,764000.0,5.3,3
floods,2,1000.0,9.4,3
ralsei-ch1dialogues-ai-friendly,0,2000.0,2.4,3
fivethirtyeight-polls,8,14000000.0,8.1,3
fake-vs-real-face-classification,2,226000000.0,7.5,3
predicting-tweet-sentiments,4,519000.0,4.7,3
punctuaction-detection,0,41000000.0,6.5,3
airbnb-geneva-switzerland-29-jun-2021,3,8000000.0,4.1,3
boat-types-classification,5,188000000.0,3.5,3
namegender,2,496000.0,2.4,3
protein-benchmarks,6,17000000.0,7.6,3
telemarketing-jyb-dataset,25,575000.0,10.0,0
landings-of-meteorite,12,52000.0,7.1,0
machinery-fault-database-induction-motor-fault,13,13000000000.0,4.7,3
euro-cup-2020,30,23000.0,9.4,0
bach-chorale-harmony-data,9,41000.0,9.4,3
ncaatournament-1993-2022,2,282000.0,6.5,3
hrct-chest-covid-data-ct-scan,4,2000000000.0,10.0,3
list-of-machine-guns,14,5000.0,9.4,3
us-fbi-nibrs-crime-data-2021-all-states,3,848000000.0,8.2,3
simargl2022,2,642000000.0,5.9,3
persona,5,18000.0,7.1,3
intrusion-detection-as-an-image-classifier,5,159000000.0,5.3,3
google-landmark-recognition-2019-test,5,20000000000.0,7.1,3
amexpert-2021-machine-learning-hackathon,12,697000.0,5.9,0
tennis-atp-rankings-based-on-elo-scores,27,36000.0,9.4,0
cancer-data-set-registered-vs-death-by-yearsex,12,15000.0,9.4,3
nba-raptor,1,5000000.0,9.4,3
phishing-domain-dataset,4,90000.0,2.9,3
experimental-datasets,2,174000000.0,3.5,3
hackerearth,1,30000000.0,5.9,3
gamespot-article-classification,3,6000000.0,7.6,3
miniboone,2,16000000.0,8.8,3
coupons,16,1000.0,7.6,0
diabetes-dataset,6,12000.0,4.7,3
covid19-daily-data-updated,16,80000000.0,9.4,3
trainn,1,46000.0,7.4,3
classification-of-post-types-based-on-topic,6,8000.0,2.9,3
awamiawaz-sindhi-articles-classification-dataset,2,2000000.0,8.2,3
asian-and-indian-cuisines,5,62000.0,6.5,3
customer-orders,1,338000.0,5.9,3
detecting-fraud-non-fraud-cases,2,136000.0,5.3,3
cocooncenter-care-products,4,960000.0,9.4,3
multiclass-sms-dataset,2,184000.0,3.5,3
type-of-fake-ru,0,3000000.0,5.9,3
flower-data,1,38000000.0,4.1,3
semantic-web-parsing-dataset-part-i,2,77000.0,6.5,3
shopee-marketing-data,1,4000000.0,7.6,3
gsmarena-listed-brands,6,1000000.0,7.1,3
amexlastmonthfeather,1,402000000.0,5.3,3
nys-title-and-salary-listing,7,547000.0,8.2,3
test-score,1,337.0,2.4,3
tps-september-2021-preds,2,529000000.0,5.3,3
list-of-sniper-rifles,15,4000.0,9.4,3
analytics-vidhya-identify-the-sentiments,11,591000.0,10.0,0
dataset-accessibility-user-reviews,22,1000000.0,7.4,0
electronic-music-features-202101-beatporttop100,3,2000000.0,8.2,3
list-of-assault-rifles,12,4000.0,9.4,3
drivendata-pump-it-up,4,11000000.0,7.6,3
magic-gamma-cherenkov-telescope-dataset,0,694000.0,10.0,3
assay-of-serum-free-light-chain,14,103000.0,5.9,0
eth-hd,1,61000.0,5.9,3
thucnews-subset-dataset,0,45000000.0,5.9,3
fake-real-news-ru,0,8000000.0,7.6,3
predict-flight-delays,3,883000000.0,9.4,3
hackerearth-ml-challenge-adopt-a-buddy,3,553000.0,5.9,3
pump-it-up-challenge-driven-data,8,5000000.0,6.5,3
onion-warehouse-locations-in-bangalore,6,1000.0,9.4,3
loan-status,3,8000.0,2.9,3
qsar-bioconcentration-classes-data-set,8,22000.0,8.8,3
kel-psx,6,14000.0,10.0,3
list-of-shotguns,11,2000.0,9.4,3
application-rejection-emails,6,21000.0,7.6,3
crop-recommendation,1,65000.0,3.5,3
iris-dataset,2,1000.0,2.9,3
insurance13m-persistency,8,9000000.0,9.4,3
covid19-data-countystatedeathsconfirmed-case,3,852000.0,4.1,3
deposit-subscription-what-makes-consumers-buy,4,398000.0,5.3,3
detect-emotions-of-your-favorite-toons,12,49000000.0,6.5,0
hackerearth-predict-the-churn-risk-rate,4,4000000.0,5.3,3
imdb-movie-reviews-preprocessed,4,31000000.0,4.4,3
city-of-seattle-wage-data,10,173000.0,8.2,3
ogbg-molpcba,2,131000000.0,7.1,3
sinhala-news-article-dataset,3,716000.0,5.9,3
arab-fari-mnist,3,25000000.0,9.4,3
ftir-honey-dataset,3,937000.0,7.1,3
sloan-digital-sky-survey-dr16-70k,2,3000000.0,10.0,3
256x256-dataset,4,7000000000.0,4.7,3
zew-data-purchasing-challenge-2022,1,1000000000.0,5.0,3
search-growth-for-data-science-terms,12,9000.0,10.0,3
intent-classification-enfr,2,395000.0,5.9,3
twitter-data-of-ryan-companies,1,45000.0,6.8,3
bangalore-house-rent-details-1bhk-2bhk-3bhk,2,10000.0,4.7,3
zomato-reviews,3,9000000.0,6.2,3
urdu-news-dataset,4,201000.0,7.6,3
social-complexity-dataset-ancient-civilization,51,19000.0,9.4,0
a-b-testing-randomized-experiment,2,365000.0,9.4,3
janata-hack-image-classification,1,32000000.0,2.9,3
production-cross-sections-of-inert-doublet-model,13,3000000.0,9.4,0
swarm-behaviour-data-set,2,251000000.0,3.8,3
divar-ads-datatset,4,81000000.0,5.9,3
diabetes-130us-hospitals-for-years-19992008,10,3000000.0,8.2,0
cineface10,6,2000000000.0,7.1,0
power-plant-optimization-problem,6,1000000.0,5.9,3
telecom-churn-data,6,24000000.0,4.7,3
reddit-india-flair-detector,27,51000000.0,10.0,0
dlf-data-set-from25092019to23092021,16,25000.0,9.1,0
stack-overflow-tags,3,273000.0,10.0,3
bitcoinheistransomwareaddressdataset,10,117000000.0,5.9,0
weather-dataset-2009-2018,7,1000.0,7.1,3
turkish-sales-comments,4,15000000.0,4.7,3
ogbg-molbbbp,3,471000.0,7.1,3
crs-data,2,356000.0,7.6,3
codon-usage,2,2000000.0,6.5,3
airline-passenger,2,379000.0,7.6,3
analytics-vidhya-jobathon,7,1000000.0,4.7,0
lending-club-loan-data-analysis,2,436000.0,5.9,3
cybernoncyber-news-classification,3,64000.0,8.2,3
multiple-classification-problems-on-small-dataset,8,2000.0,6.5,3
sports-insights-schedules,1,343000.0,5.9,3
tps-october-2021-dataset,11,487000000.0,5.9,0
sc-21-ocr,2,3000000.0,7.1,3
billboard-year-end-hot-100-singles,2,35000.0,6.5,3
telecom-churn-dataset,2,24000000.0,4.1,3
tps-feb-22-train-set-with-measurement-errors,20,54000000.0,8.8,0
telecom-churn,5,176000.0,2.9,3
predicting-rise-and-fall-in-crypto-based-on-tweets,6,32000000.0,3.5,3
anemia-easylevel,1,5000.0,3.5,3
balanced2,1,5000000.0,5.9,3
website-requirements,4,72000.0,2.4,3
handy-a-benchmark-dataset-for-contextawareness,3,63000000.0,6.5,3
carbon-segment-values,9,1000.0,10.0,3
dil-snflandrma-veri-seti,4,3000000.0,9.4,3
titanic-crew,3,14000.0,5.3,3
employee-attrition,10,777.0,10.0,3
data-ingection,0,16000.0,3.5,3
sentimentset,5,196000.0,7.6,3
greeksuperleaguefixtures,10,3000.0,10.0,0
client,15,1000000.0,5.9,0
sentimentnewdataset,2,582000.0,8.8,3
labour-characteristics-in-pakistan,2,3000.0,5.3,3
movie-ratings,3,257000.0,6.8,3
migration-from-mexico-to-usa-data,1,95000.0,8.8,3
animal-mouse-vs-computer-mouse-text-dataset,2,9000000.0,7.4,3
user-subscription-dummy-data,10,9000000.0,4.7,0
gender-gap,9,155000.0,7.1,0
unblinded-data-for-plasticc-challenge,5,8000000000.0,7.1,3
playboy-playmate-features,2,59000.0,6.5,3
mini-daily-dialog-act,1,142000.0,5.0,3
spotify-data-final,6,19000000.0,5.3,3
electronic-music-features-201802-beatporttop100,4,2000000.0,8.8,3
woodchuck-research-challenge-a-natural-language,1,1000000.0,9.4,3
lrb-data,2,1000.0,5.3,3
iris-data-set,3,1000.0,4.7,3
top-quotes-from-100-pages-in-goodreads-website,7,287000.0,4.1,3
iris-dataset-for-introduction-to-machine-learning,3,1000.0,6.5,3
rss-feed-topic-classifier,3,1000000.0,9.4,3
sentiment-analysis-using-amazon-reviews,1,305000.0,8.2,3
globalissues,1,22000000.0,5.9,3
sample-us-taxpayer-dataset,8,16000.0,5.3,3
hpa-models,7,14000000000.0,4.1,0
internet-advertisements,20,213000.0,4.7,0
classification,8,51000.0,5.3,3
siim-isic-baseline-models,23,398000.0,10.0,0
timmlatest,4,15000000.0,5.3,3
github-bugs-prediction-challenge-machine-hack,4,103000000.0,5.9,3
multilingual-wikipedia-ner,4,1000000.0,9.4,3
sri-lanka-vehicle-ads-dataset,8,44000000.0,9.4,0
rsna-miccai-all-resampled-to-axial-view,3,19000000000.0,7.9,3
job-fraud-detection,4,17000000.0,5.3,3
greatest-comic-book-characters,1,610000.0,9.4,3
hunger-and-undernourishment-data,7,18000.0,9.4,3
plantvillagedataset,9,3000000000.0,6.5,3
finding-donors-for-charityml,1,447000.0,4.1,3
oscars,1,21000.0,7.1,3
random-hashes-md5-derived-from-random-strings,12,379000000.0,10.0,0
titanic-cleaned-dataset-with-new-features,8,38000.0,5.3,0
image-dataset,1,6000000.0,8.8,3
titanic-with-names-replaced-by-honorifics,8,17000.0,8.2,0
czech-movie-review-csfd,1,9000000.0,7.4,3
coronavirustweets,17,1000000.0,8.2,0
list-of-game-studios-in-europe-and-cis-2020,7,13000.0,9.4,3
pixcrawl-full,1,101000000.0,6.9,3
amazon-reviews-javapresse-coffee-grinder,4,469000.0,9.4,3
isic-2017,0,13000000000.0,5.9,3
evol-metricas-prestadores,2,783000.0,10.0,3
popular-apps-on-play-store,2,86000.0,9.1,3
cldv2-512,4,1000000000.0,7.1,3
effects-on-personality-due-to-covid19,3,6000.0,2.9,3
g3l0r4co-news-dataset,1,8000000.0,5.0,3
pistachios,5,578000000.0,7.1,3
rewards,9,879.0,7.6,0
social-network-ad,2,3000.0,4.7,3
mex-for-har,2,173000000.0,4.1,3
ncaa-women-538-team-ratings,4,4000.0,9.4,3
customer-bankanalysis-classification,2,493000.0,2.9,3
activity-recognition-data,6,552000.0,8.2,3
clothing-dataset,3,438000000.0,4.7,3
find-the-shiba-inu-object-detection,19,208000.0,8.8,0
triangle-detection-dataset-after-preprocessing,3,76000.0,4.7,3
preprocessed-2019-blindness-detection,1,598000000.0,6.2,3
peh-cosmetics,11,12000.0,10.0,0
crypto-and-gambling-advertising-platforms-2021,12,6000.0,9.4,3
coffee-toasted-agtron,1,3000000000.0,7.4,3
wa-lambing-accelerometer-data,1,26000000.0,7.6,3
netflix-reviews-sentiment,2,509000.0,3.5,3
telecom-churn-practice,2,24000000.0,4.1,3
glr202098k,1,1000000000.0,8.8,3
lisa-in-coco,5,4000000000.0,1.9,3
os-performance-counters-for-malware-detection,2,909000.0,4.1,3
ipdata,1,517000000.0,2.9,3
cblol-2021-dataset,1,1000000.0,7.6,3
albanian-fake-news-corpus,7,2000000.0,10.0,3
example-churn-data,4,8000000.0,7.6,3
multilingual-ner-data-english,1,1000000.0,9.4,3
top-gambling-sites-q2-2022,1,5000.0,9.4,3
asadasda,32,6000.0,5.9,3
twitter-cryptocurrency-and-nft-accounts-2022,6,18000.0,9.4,3
igaming-projects-list-review-q2-2022,1,11000.0,9.4,3
tag-images,3,55000000.0,5.3,3
ford-sentence-classifiaction-dataset,15,3000000.0,9.7,0
tsla-stock-prices,1,62000.0,5.3,3
ice-london-exhibitors-2020-vs-2022-short,1,9000.0,9.4,3
air-tickets-between-shanghai-and-beijing,12,6000000.0,7.4,3
geometric-figures-dataset,3,11000.0,5.9,3
titanic-worst-score-ever,11,1000.0,9.4,0
song-popularity-k-folds,2,2000000.0,7.1,3
detection-of-glass-types,11,2000000.0,6.5,3
titanicprediction,2,367000.0,6.5,3
phd-measures,1,2000.0,5.9,3
onion-retailers-in-bangalore,5,2000.0,9.4,3
ogbg-molbace,2,434000.0,7.1,3
port001clas17022022,1,3000000.0,7.6,3
vlyrics,1,5000000.0,4.7,3
list-of-sites-with-fantasy-sport-2021,8,1000.0,9.4,3
ogbg-molsider,4,494000.0,7.1,3
web3cc0,2,1000.0,2.4,3
us-news-best-countries-2021,4,2000.0,7.6,3
cnn-image-classifier,2,17000000.0,2.4,3
iniciativas-parlamentarias-categorizadas,1,25000.0,3.5,3
npo-2-top-2000-chart-1999-2022,1,213000.0,5.9,3
fur-colors-of-nyc-squirrels,1,152000.0,9.4,3
inventory-mining-dataset,4,948000.0,7.1,3
malawi-news-classification-challenge,10,2000000.0,4.7,0
dutch-news-headlines,3,769000.0,10.0,3
british-airways-airline-reviews-from-skytrax,0,51000.0,7.6,3
pet-breed-model-tensorflow-2-keras,1,58000000.0,5.3,3
2022-dharma-production-film-list,12,6000.0,8.2,0
trajectorybasedshipclassification,4,31000000.0,4.1,3
customer-reviews,2,3000000.0,2.9,3
candidate-evaluation-data-used-for-classification,5,7000.0,3.5,3
gender-by-name-test,1,326.0,4.7,3
kaggle-trending-datasets-august-2022,6,32000.0,8.8,0
analytics-vidhya-jobathon-may2021,6,7000000.0,5.3,3
shooter-games-2020-and-their-types,6,14000.0,9.4,3
store-data-performance,2,7000.0,3.5,3
vaers-data-as-of-19th-march-2021,2,204000.0,7.1,3
ogbg-moltoxcast,2,2000000.0,7.1,3
covid19-tweets,2,16000000.0,5.9,3
digit-recognition-dataset,1,10000000.0,4.7,3
a-datum-walked-into-a-bookstore,2,47000.0,7.1,3
facebook-large-page-data-set,6,2000000.0,3.8,3
electronic-music-features-201611-beatporttop100,6,2000000.0,8.2,3
crosssellprediction,6,7000000.0,4.7,0
daguan-data,3,779000000.0,4.1,3
kyivstar-big-data-test,1,2000000.0,6.5,3
flower-recognition,8,950000000.0,4.7,0
credit-card-approval,10,11000.0,4.1,3
website-classification,3,670000.0,3.1,3
financial-fraud-and-nonfraud-related-datasets,3,628000.0,8.2,3
covid19-xray-dataset,6,412000000.0,5.3,3
brnngru-cord19-v19,4,173000000.0,9.4,3
medical-vulnerability-dataset,8,931.0,9.4,0
ogbg-moltox21,3,1000000.0,7.1,3
yahoo-finance,1,510.0,4.4,3
2-google-topics-for-top-1-million-domain-names,1,25000000.0,9.4,3
human-activity-recognition,3,100000000.0,4.4,3
jobathon-may-2021-credit-card-lead-prediction,3,6000000.0,10.0,3
bank-note-authentication,3,20000.0,6.5,3
datasetprioricaracteristics,2,3000.0,5.6,3
twitter-prediction-disaster,3,599000.0,2.9,3
cc-fraud-dataset,2,69000000.0,5.9,3
social-network-data,3,1000.0,5.3,3
non-parametric-energy-aspects-data,1,11000.0,7.9,3
myanimelist-dataset,2,1000000.0,8.5,3
automobile-data-for-private-licensed-cars-in-uk,2,220000.0,5.3,3
duck-catch-and-fit-dataset,3,2000000.0,4.1,3
galasimages,3,30000000.0,8.2,3
preprocessed-imdb-movies-reviews-dataset,3,18000000.0,3.8,3
android-closed-issues-20110101-20210101-clean,1,180000000.0,7.1,3
2020-sydney-daily-weather-observations,5,19000.0,10.0,3
horse-racing-tipster-bets,9,687000.0,4.7,3
scrapygoodnews,1,13000000.0,2.9,3
cassava-cleaned-dataset,3,201000.0,4.7,3
hackerearth-dl-challenge-autotag-images-of-gala,2,30000000.0,2.9,3
guide-bricks-form-classification,2,7000000.0,8.8,3
instagram-cryptocurrency-and-nft-accounts-2022,6,6000.0,9.4,3
9800-companies-details-dataset,10,202000.0,8.8,0
nlp-eda,3,1000000.0,2.9,3
unicorn-decacorn-hectocron-in-2021,11,31000.0,9.4,0
nse-india-historic-data,3,363000000.0,4.7,3
shooter-games-2019-and-their-types,7,15000.0,9.4,3
what-is-your-profession,1,662000.0,9.4,3
irisdatawh,2,1000.0,2.9,3
news-data-classification,4,548000.0,4.1,3
spooky_author_identification,1,260000.0,5.3,3
petco-twitter-dataset,1,6000000.0,2.4,3
hackerearth-holiday-season-deep-learning-challenge,1,33000000.0,8.2,3
propiedades-rentales,3,220000000.0,2.4,3
indie-shooters-q1-q2-2020-and-their-types,7,19000.0,9.4,3
polish-literature-by-author,1,6000000.0,5.3,3
asl-numbers-dataset,2,10000000.0,5.6,3
cryptocurrency-and-nft-websites-2022,6,6000.0,9.4,3
30days-folds,3,42000000.0,7.1,3
top-singers,1,37000.0,4.7,3
bird-1sec-mfcc,5,40000000.0,5.9,3
dataset-of-x-linked-disorder,10,307.0,9.4,0
impact-of-covid19-on-daily-lives-in-pakistan,2,16000.0,4.7,3
tabular-sep-21,8,157000000.0,6.5,0
chrunksize,0,4000000.0,5.9,3
kazper,0,53000.0,3.5,3
dtdata,1,265.0,2.4,3
movie-ratings,4,313000.0,5.9,3
turkish-covid19-twitter-dataset,0,372000.0,7.6,3
league-of-legends-lol-gold-ranked-games,6,447000.0,7.9,3
fma-like-gtzan-for-music-genre-classification,1,44000000.0,5.3,3
tiawr6843aop-gesture-language-data,0,5000000.0,7.5,3
churn-with-boosting,1,136000.0,3.5,3
home-alone-twitter-dataset,5,91000.0,7.1,3
tps-dec21-5-folds,3,172000000.0,5.3,3
election-polls-datasets,4,963000.0,7.9,3
bankdetails,1,493000.0,4.7,3
titanic-final-project,1,11000.0,4.1,3
email-automl-benchmark-v1,1,10000000.0,3.5,3
email-automl-benchmark-v2,1,10000000.0,3.5,3
email-automl-benchmark-v3,1,10000000.0,3.5,3
fire-brigade-services,3,3000.0,4.7,3
spcup2022,2,3000000000.0,4.4,3
handgesture,2,2000000000.0,3.8,3
playstore-app-reviews,2,127000000.0,6.5,3
ogbg-molhiv,2,8000000.0,7.1,3
distance-education-saudi-arabi-during-covid19,1,77000.0,4.7,3
vmusic,3,53000000000.0,4.1,3
skincancer-clean,3,3000000000.0,5.9,3
top-imdb-rated-tv-shows,26,75000.0,8.8,0
subreddit-classification,3,215000000.0,6.5,3
labeled-bitcoin-addresses-and-transactions,6,2000000.0,7.1,3
bank-marketing-dataset,9,1000000.0,8.2,3
jobscrap,5,247000000.0,9.4,3
loan-data,3,790000.0,5.9,3
rost-romanian-stories-and-other-texts,2,789000.0,8.8,3
haha-2019,1,2000000.0,3.5,3
common-acronyms-in-tech,1,5000.0,9.4,3
telco-leveraging,1,53000.0,3.2,3
facebook-cryptocurrency-and-nft-accounts-2022,6,6000.0,9.4,3
got-logistic-regression,11,18000.0,4.7,3
spotgarbageupdate,3,1000000000.0,5.0,3
ip-address-automl-benchmark-v2,1,9000000.0,3.5,3
gcptfkerastrain,2,668000.0,5.3,3
document-classification-from-aggregated-features,1,179000.0,9.4,3
a04-data,2,4000000.0,5.9,3
titanic,2,29000.0,3.5,3
large-lobster-image-dataset,2,28000000000.0,4.4,3
wikipedialatinprofiles,1,1000000000.0,5.3,3
shopee-product-detection-dataset-331x331,1,4000000000.0,2.9,3
cu-and-zr-feedstock-preparation,1,4000000000.0,2.4,3
world-air-quality-index-by-city-and-coordinates,1,381000.0,9.4,3
insult-tweets,0,9000.0,4.1,3
open-science-barometer-france,0,451000000.0,8.8,3
footwear-images-dataset,1,239000000.0,9.4,3
newsarticles,0,622000.0,5.3,3
employee-preference-online-working-post-covid-19,0,6000.0,5.3,3
jagsom-reviews-from-shikshacom,0,40000.0,9.4,3
eeg-motor-imagery-bciciv-2a,0,169000000.0,9.4,3
