title,Data Duplicates,Feature-Feature Correlation,Missing Values,Mixed Data Types,Mixed Nulls,Outlier Sample Detection,Single Value in Column,Special Characters,String Length Out Of Bounds,String Mismatch
data-science-salaries-2023,WARN,FAIL,0.0,PASS,PASS,0.0705289881061488,PASS,PASS,PASS,PASS
diabetes-prediction-dataset,WARN,PASS,0.0,PASS,PASS,0.1566644205603984,PASS,PASS,PASS,PASS
all-time-worldwide-box-office-for-action-movies,PASS,PASS,0.0918333333333333,PASS,PASS,0.0026289247476311,PASS,PASS,PASS,WARN
cancer-data,PASS,FAIL,0.0303030303030303,PASS,PASS,0.0,PASS,PASS,PASS,PASS
credit-risk-customers,PASS,PASS,0.0,PASS,PASS,0.1899639903126758,PASS,PASS,PASS,PASS
fastfood-nutrition,WARN,FAIL,0.073900628217647,PASS,PASS,0.1392968030723149,FAIL,PASS,PASS,WARN
mobile-price-classification,PASS,PASS,0.0,PASS,PASS,0.1519542556519381,PASS,PASS,PASS,PASS
mobile-price-classification,PASS,FAIL,0.0,PASS,PASS,0.1446966191851565,PASS,PASS,PASS,PASS
minecraft-piracy-dataset,PASS,PASS,0.00011712345,PASS,PASS,0.1050113054756865,PASS,PASS,WARN,WARN
student-performance-in-mathematics,PASS,FAIL,0.0,PASS,PASS,0.1360312268719852,PASS,PASS,PASS,PASS
airbnb-cleaned-europe-dataset,PASS,FAIL,0.0,PASS,PASS,0.15098968239828,PASS,PASS,PASS,PASS
taxol-drug-resistance-cell-lines-in-breast-cancer,WARN,PASS,0.0,PASS,PASS,0.0832670688980205,PASS,PASS,WARN,PASS
fake-news-football,WARN,PASS,0.0005500275,PASS,PASS,0.0,PASS,PASS,PASS,WARN
fake-news-football,WARN,PASS,0.000274361,PASS,PASS,0.0,PASS,PASS,PASS,WARN
diabetes-dataset-by-age-standardized-countries,PASS,FAIL,0.0,PASS,PASS,0.1091476173242827,PASS,PASS,PASS,PASS
symptom2disease,PASS,PASS,0.0,PASS,PASS,0.0059984356222028,PASS,PASS,PASS,PASS
mbti-personality-type-twitter-dataset,PASS,PASS,0.0,PASS,PASS,0.0850558603526212,PASS,PASS,PASS,PASS
loan-data-set,PASS,PASS,0.0172366992333333,WARN,PASS,0.1479367194596494,PASS,PASS,PASS,PASS
loan-data-set,WARN,PASS,0.0195689868636363,PASS,PASS,0.1385819066076996,PASS,PASS,PASS,PASS
retail-data-set,PASS,FAIL,0.0,PASS,PASS,0.1251063241028443,PASS,PASS,PASS,PASS
retail-data-set,PASS,PASS,0.0,PASS,PASS,0.1034992226194616,PASS,PASS,PASS,PASS
woman-tennis-2016-2017-years,PASS,PASS,0.0,PASS,PASS,0.0,PASS,PASS,PASS,PASS
heart-attack-analysis-prediction-dataset,WARN,PASS,0.0,PASS,PASS,0.1561095822674592,PASS,PASS,PASS,PASS
heart-attack-analysis-prediction-dataset,WARN,PASS,0.0,PASS,PASS,0.0030865381014453,PASS,PASS,PASS,PASS
heart-failure-prediction,PASS,PASS,0.0,PASS,PASS,0.1557569701085994,PASS,PASS,PASS,PASS
customer-personality-analysis,PASS,PASS,0.0,PASS,PASS,0.0,PASS,PASS,PASS,PASS
apartment-cost-in-new-york-city,WARN,FAIL,0.1827076145611111,WARN,PASS,0.1257060856124163,FAIL,PASS,PASS,WARN
bank-customer-churn,PASS,FAIL,0.0,PASS,PASS,0.1506718597746364,PASS,PASS,PASS,WARN
airline-passenger-satisfaction,PASS,PASS,0.000127810288,PASS,PASS,0.1577950767061001,PASS,PASS,PASS,PASS
airline-passenger-satisfaction,PASS,PASS,0.00012,PASS,PASS,0.1592244405310696,PASS,PASS,PASS,PASS
kickstarter-projects,PASS,FAIL,0.0,PASS,FAIL,0.0994969827232689,PASS,PASS,PASS,WARN
customers-dataset,PASS,PASS,0.0021875,PASS,PASS,0.164106118772648,PASS,PASS,PASS,PASS
weather-dataset-rattle-package,PASS,FAIL,0.1026060869565217,PASS,PASS,0.1598122910315171,PASS,PASS,PASS,PASS
breast-cancer-dataset,PASS,FAIL,0.0,PASS,PASS,0.1713064595863103,PASS,PASS,PASS,PASS
covid19-dataset,WARN,FAIL,0.0,PASS,PASS,0.1054343298412289,PASS,PASS,PASS,PASS
diabetes-health-indicators-dataset,WARN,PASS,0.0,PASS,PASS,0.1887392577394588,PASS,PASS,PASS,PASS
diabetes-health-indicators-dataset,WARN,PASS,0.0,PASS,PASS,0.1886555582676905,PASS,PASS,PASS,PASS
diabetes-health-indicators-dataset,WARN,PASS,0.0,PASS,PASS,0.1797358907625292,PASS,PASS,PASS,PASS
heart-disease-and-stroke-prevention,PASS,FAIL,0.0700564469172413,PASS,PASS,0.0535240770900143,FAIL,WARN,PASS,PASS
heartbeat,PASS,FAIL,0.0,PASS,PASS,0.1534600308220701,PASS,PASS,PASS,PASS
heartbeat,WARN,FAIL,0.0,PASS,PASS,0.1420148388039843,FAIL,PASS,PASS,PASS
heartbeat,WARN,FAIL,0.0,PASS,PASS,0.1376391315486073,FAIL,PASS,PASS,PASS
heartbeat,PASS,FAIL,0.0,PASS,PASS,0.1515639488146973,PASS,PASS,PASS,PASS
twitter-entity-sentiment-analysis,PASS,PASS,0.0,PASS,PASS,0.1184189753467481,PASS,PASS,PASS,WARN
twitter-entity-sentiment-analysis,WARN,FAIL,0.002296434175,PASS,PASS,0.1159310445877605,PASS,WARN,WARN,WARN
wine-quality-dataset,PASS,PASS,0.0,PASS,PASS,0.1556386807398364,PASS,PASS,PASS,PASS
airbnb-listings,PASS,FAIL,0.1390160606060606,PASS,FAIL,0.1907269249213133,PASS,PASS,WARN,WARN
atp-tennis-2013-2023,PASS,PASS,0.0,PASS,PASS,0.1063450869797418,PASS,WARN,PASS,WARN
churn-modelling,PASS,PASS,0.0,PASS,PASS,0.1497670969360367,PASS,PASS,PASS,WARN
hotel-reservations-classification-dataset,PASS,PASS,0.0,PASS,PASS,0.1495685653588458,PASS,PASS,PASS,PASS
titanic-dataset,PASS,PASS,0.08099513655,PASS,PASS,0.1220029533995454,PASS,PASS,PASS,PASS
ai-index,PASS,FAIL,0.0,PASS,PASS,,PASS,PASS,PASS,PASS
company-bankruptcy-prediction,PASS,FAIL,0.0,PASS,PASS,0.159641660675534,FAIL,PASS,PASS,PASS
online-chess-games,PASS,PASS,0.0718827165882353,PASS,PASS,0.1617219554846161,PASS,PASS,WARN,WARN
factors-affecting-campus-placement,PASS,PASS,0.0207751937999999,PASS,PASS,0.154652992925775,PASS,PASS,PASS,PASS
credit-score-classification,PASS,PASS,0.0222614814814814,WARN,FAIL,0.1373784443608802,PASS,WARN,WARN,WARN
credit-score-classification,PASS,PASS,0.0214539285714285,WARN,FAIL,0.1360767232679333,PASS,WARN,WARN,WARN
crossfit-athletes,WARN,FAIL,0.6683366666666666,PASS,PASS,0.014420913231609,PASS,PASS,WARN,WARN
nbfi-vehicle-loan-repayment-dataset,PASS,PASS,0.081078,PASS,FAIL,0.2142256595578354,PASS,PASS,WARN,WARN
nbfi-vehicle-loan-repayment-dataset,PASS,PASS,0.0834765934564102,PASS,FAIL,0.2146104899528113,FAIL,PASS,WARN,WARN
nbfi-vehicle-loan-repayment-dataset,PASS,PASS,0.0,PASS,PASS,,PASS,PASS,PASS,PASS
drug-classification,PASS,PASS,0.0,PASS,PASS,0.1311549181528044,PASS,PASS,PASS,PASS
amharic-news-corpus-merged,PASS,PASS,0.0,PASS,PASS,0.0,PASS,WARN,PASS,PASS
amharic-news-corpus-merged,WARN,PASS,0.0,PASS,PASS,0.0,PASS,WARN,WARN,WARN
wine-quality,WARN,PASS,0.0004499117923076,PASS,PASS,0.1385257009019634,PASS,PASS,PASS,PASS
land-mines-detection,PASS,PASS,0.0,PASS,PASS,0.1082214088778712,PASS,PASS,PASS,PASS
fakenews,WARN,PASS,0.0042059748333333,PASS,PASS,0.0034271856796472,PASS,PASS,WARN,WARN
customer-analytics,PASS,PASS,0.0,PASS,PASS,0.1596114258167798,PASS,PASS,PASS,PASS
luxury-loan-portfolio,PASS,FAIL,0.000223480334375,WARN,PASS,0.133266744461477,FAIL,WARN,PASS,WARN
credit-card-fraud,PASS,PASS,0.0,PASS,PASS,0.0809236720452897,PASS,PASS,PASS,PASS
breast-cancer,WARN,FAIL,0.0,PASS,PASS,0.1572196425607304,PASS,PASS,PASS,PASS
disease-symptom-description-dataset,PASS,PASS,0.00975609756,PASS,PASS,,PASS,PASS,PASS,WARN
disease-symptom-description-dataset,PASS,PASS,0.0,PASS,PASS,0.0055562920090935,PASS,PASS,PASS,PASS
disease-symptom-description-dataset,WARN,FAIL,0.5306233062333333,PASS,PASS,0.0561404713301837,FAIL,PASS,PASS,PASS
disease-symptom-description-dataset,PASS,PASS,0.0,PASS,PASS,,PASS,PASS,PASS,PASS
higher-education-students-performance-evaluation,PASS,PASS,0.0,PASS,PASS,0.0,PASS,PASS,PASS,PASS
twitter-sentiment-analysis-hatred-speech,PASS,PASS,0.0,PASS,PASS,0.1037603825198365,PASS,PASS,WARN,WARN
twitter-sentiment-analysis-hatred-speech,PASS,PASS,0.0,PASS,PASS,0.100955703949561,PASS,PASS,PASS,WARN
top5leagues,PASS,PASS,0.0,PASS,PASS,0.100955703949561,PASS,PASS,PASS,WARN
social-network-ads,PASS,PASS,0.0,PASS,PASS,0.100955703949561,PASS,PASS,PASS,WARN
bank-customer-churn-dataset,PASS,PASS,0.0,PASS,PASS,0.100955703949561,PASS,PASS,PASS,WARN
covid19-symptoms-checker,PASS,FAIL,0.5357142857142857,PASS,FAIL,,PASS,PASS,WARN,PASS
covid19-symptoms-checker,PASS,PASS,0.0,PASS,PASS,0.1177712406488791,PASS,PASS,PASS,PASS
health-dataset,WARN,PASS,0.0,PASS,PASS,0.1681236788962527,PASS,PASS,PASS,PASS
online-payments-fraud-detection-dataset,PASS,FAIL,0.0,PASS,PASS,0.1042787514808227,PASS,PASS,WARN,PASS
online-payments-fraud-detection-dataset,PASS,PASS,6.6665181818181816e-06,PASS,PASS,0.1452748089459663,PASS,PASS,PASS,PASS
online-payments-fraud-detection-dataset,PASS,PASS,6.846276428571429e-05,PASS,PASS,0.1624938557202406,PASS,PASS,PASS,PASS
customer,PASS,PASS,0.02002283974,PASS,PASS,0.1758214556873269,PASS,PASS,PASS,PASS
customer,PASS,PASS,0.0178257538181818,PASS,PASS,0.1840042162677763,PASS,PASS,PASS,PASS
customer,PASS,PASS,0.0,PASS,PASS,0.1099573065794235,FAIL,PASS,PASS,PASS
students-performance-in-exams,WARN,FAIL,0.0,PASS,PASS,0.1246051737680473,PASS,PASS,PASS,PASS
basketball,WARN,FAIL,0.0,PASS,PASS,0.1246051737680473,PASS,PASS,PASS,PASS
basketball,WARN,FAIL,0.0,PASS,PASS,0.1246051737680473,PASS,PASS,PASS,PASS
health-care-data-set-on-heart-attack-possibility,WARN,PASS,0.0,PASS,PASS,0.1561095822674592,PASS,PASS,PASS,PASS
telecom-churn-datasets,PASS,FAIL,0.0,PASS,PASS,0.1661772071296703,PASS,PASS,PASS,PASS
telecom-churn-datasets,PASS,FAIL,0.0,PASS,PASS,0.1738276637400143,PASS,PASS,PASS,PASS
superstore-marketing-campaign-dataset,PASS,PASS,0.0004870129863636,PASS,PASS,0.1685715275397054,PASS,PASS,PASS,WARN
star-dataset,PASS,FAIL,0.0,PASS,PASS,0.1267013328518608,PASS,PASS,PASS,WARN
milkquality,WARN,PASS,0.0,PASS,PASS,0.0264754066349346,PASS,PASS,PASS,PASS
the-depression-dataset,WARN,PASS,0.0,PASS,PASS,0.0264754066349346,PASS,PASS,PASS,PASS
twitter-sentiment-dataset,WARN,PASS,1.5000000000000002e-05,PASS,PASS,0.0,PASS,PASS,PASS,WARN
twitter-sentiment-dataset,PASS,PASS,0.3469696969666667,PASS,PASS,,PASS,WARN,PASS,PASS
predict-diabities,PASS,PASS,0.0,PASS,PASS,0.1557969294101674,PASS,PASS,PASS,PASS
twitter-tweets-sentiment-dataset,PASS,PASS,1.81944e-05,WARN,PASS,0.0,PASS,WARN,PASS,WARN
bankfullcsv,PASS,FAIL,0.0,PASS,PASS,0.1740165157535749,PASS,PASS,PASS,PASS
salary-prediction-classification,WARN,FAIL,0.0,PASS,PASS,0.1686209033027821,PASS,WARN,PASS,WARN
customer-segmentation,PASS,PASS,0.0182025815818181,PASS,PASS,0.1771309706876626,PASS,PASS,PASS,PASS
customer-segmentation,PASS,PASS,0.0178257538181818,PASS,PASS,0.1840042162677763,PASS,PASS,PASS,PASS
cure-the-princess,PASS,PASS,0.0,PASS,PASS,0.1683586259122302,PASS,PASS,PASS,PASS
twitter-and-reddit-sentimental-analysis-dataset,WARN,PASS,0.0013423179,PASS,PASS,0.0,PASS,WARN,WARN,WARN
twitter-and-reddit-sentimental-analysis-dataset,WARN,PASS,1.5000000000000002e-05,PASS,PASS,0.0,PASS,PASS,PASS,WARN
heart-disease-dataset,WARN,PASS,0.0,PASS,PASS,0.1561095822674592,PASS,PASS,PASS,PASS
smoke-detection-dataset,PASS,FAIL,0.0,PASS,PASS,0.0770285605042247,PASS,PASS,PASS,PASS
home-loan-approval,PASS,PASS,0.0186670007461538,WARN,PASS,0.1417232122613542,PASS,PASS,PASS,PASS
home-loan-approval,PASS,PASS,0.019073569475,PASS,PASS,0.1341961492774382,PASS,PASS,PASS,PASS
bangladesh-weather-history,PASS,FAIL,9.34958090909091e-05,PASS,PASS,0.1275332521028274,FAIL,PASS,PASS,PASS
predicting-credit-card-customer-attrition-with-m,PASS,FAIL,0.0,PASS,PASS,0.1724398243449258,PASS,PASS,PASS,PASS
water-quality,PASS,PASS,0.0,PASS,PASS,0.1712387915061109,PASS,PASS,PASS,WARN
real-estate-dataset,PASS,FAIL,0.0006989097,PASS,PASS,0.1384207894488338,PASS,PASS,PASS,PASS
web-page-phishing-detection-dataset,PASS,FAIL,0.0,PASS,PASS,0.1693600129143593,FAIL,PASS,WARN,WARN
stellar-classification-dataset-sdss17,PASS,FAIL,0.0,PASS,PASS,0.1527172729430185,FAIL,PASS,PASS,PASS
pump-sensor-data,PASS,FAIL,0.0284163636363636,PASS,PASS,0.0,PASS,PASS,PASS,PASS
real-estate-listings-berlin-de-april-2023,PASS,PASS,0.0,PASS,PASS,0.0848348439032874,PASS,PASS,PASS,WARN
loan-default-dataset,PASS,FAIL,0.035605,PASS,PASS,0.1711126962946139,FAIL,PASS,PASS,PASS
bank-account-fraud-dataset-neurips-2022,PASS,PASS,0.0,PASS,PASS,0.1802044106138166,FAIL,PASS,PASS,PASS
bank-account-fraud-dataset-neurips-2022,PASS,PASS,0.0,PASS,PASS,0.1835338768199948,FAIL,PASS,PASS,PASS
bank-account-fraud-dataset-neurips-2022,PASS,PASS,0.0,PASS,PASS,0.1828077146692556,FAIL,PASS,PASS,PASS
bank-account-fraud-dataset-neurips-2022,PASS,PASS,0.0,PASS,PASS,0.1783540008238316,FAIL,PASS,PASS,PASS
bank-account-fraud-dataset-neurips-2022,PASS,PASS,0.0,PASS,PASS,0.1803325350194713,FAIL,PASS,PASS,PASS
bank-account-fraud-dataset-neurips-2022,PASS,PASS,0.0,PASS,PASS,0.1785304800919963,FAIL,PASS,PASS,PASS
rotten-tomatoes-reviews,WARN,PASS,0.0,PASS,PASS,0.0,PASS,PASS,PASS,WARN
body-performance-data,WARN,PASS,0.0,PASS,PASS,0.1420174622999955,PASS,PASS,PASS,PASS
thyroid-disease-data,PASS,FAIL,0.0514504171193548,PASS,PASS,0.1637063749255692,PASS,WARN,PASS,PASS
body-signal-of-smoking,PASS,PASS,0.0,PASS,PASS,0.1551976835601265,FAIL,PASS,PASS,PASS
body-signal-of-smoking,PASS,PASS,0.0,PASS,PASS,0.1551976835601265,FAIL,PASS,PASS,PASS
second-hand-mercedes-benz-registered-2000-2023-ita,PASS,PASS,0.0,PASS,PASS,0.0,PASS,PASS,PASS,PASS
banking-dataset-classification,WARN,PASS,0.0,PASS,PASS,0.1753125530665196,PASS,PASS,PASS,PASS
banking-dataset-classification,WARN,PASS,0.0,PASS,PASS,0.1712717643921107,PASS,PASS,PASS,PASS
fifa-world-cup-2022,PASS,FAIL,0.211663391992,PASS,PASS,0.2054509410426316,PASS,PASS,PASS,WARN
proyecto-3-segmentacin-de-clientes-en-ecommerce,WARN,PASS,0.0239150258833333,PASS,PASS,0.1440369436038087,PASS,PASS,PASS,WARN
car-insurance-data,PASS,PASS,0.0102052631578947,PASS,PASS,0.1770442984228017,PASS,PASS,PASS,PASS
parkinson-disease-detection,PASS,FAIL,0.0,PASS,PASS,0.1485844654372209,PASS,PASS,PASS,PASS
alcohol-effects-on-study,PASS,FAIL,0.0,PASS,PASS,0.1895572722945764,PASS,PASS,PASS,PASS
alcohol-effects-on-study,PASS,FAIL,0.0,PASS,PASS,0.1872282323878317,PASS,PASS,PASS,PASS
income-classification,WARN,FAIL,0.0,PASS,PASS,0.1686209033027821,PASS,WARN,PASS,WARN
uncovering-factors-that-affect-used-car-prices,PASS,PASS,0.0235033333333333,WARN,PASS,0.1809868412274067,FAIL,PASS,WARN,WARN
us-flight-delay-from-january-2017-july-2022,PASS,FAIL,0.0012147619047619,PASS,PASS,0.0704058294528178,PASS,PASS,PASS,PASS
travel-insurance-prediction-data,PASS,PASS,0.0,PASS,PASS,0.1613058339380411,PASS,PASS,PASS,PASS
biomedical-text-publication-classification,PASS,PASS,0.0,PASS,PASS,0.0848626008724789,PASS,PASS,PASS,WARN
all-products-available-on-sephora-website,PASS,FAIL,0.0,PASS,PASS,0.0989935873544795,PASS,PASS,WARN,WARN
elliptic-data-set,PASS,FAIL,0.0,PASS,PASS,0.0989935873544795,PASS,PASS,WARN,WARN
electrical-fault-detection-and-classification,PASS,PASS,0.2222222222222222,PASS,PASS,0.0,PASS,PASS,PASS,PASS
electrical-fault-detection-and-classification,PASS,PASS,0.0,PASS,PASS,0.0608183552377418,PASS,PASS,PASS,PASS
spanish-wine-quality-dataset,WARN,PASS,0.0349696969818181,WARN,PASS,0.0314023458851517,FAIL,PASS,WARN,WARN
heart-attack,WARN,PASS,0.0,PASS,PASS,0.1561095822674592,PASS,PASS,PASS,PASS
prediction-of-music-genre,WARN,PASS,9.998999999999996e-05,WARN,FAIL,0.1335407490953563,PASS,WARN,WARN,WARN
world-population-live-dataset,PASS,FAIL,0.0002849002866666,PASS,PASS,0.1330177680717664,PASS,PASS,PASS,PASS
portuguese-bank-marketing,PASS,FAIL,0.0,PASS,PASS,0.1740165157535749,PASS,PASS,PASS,PASS
ip-network-traffic-flows-labeled-with-87-apps,WARN,FAIL,0.0,PASS,PASS,0.135001677725174,FAIL,PASS,PASS,WARN
carinsuranceclaimprediction-classification,PASS,FAIL,0.0,PASS,PASS,0.1170616332543211,PASS,PASS,PASS,PASS
carinsuranceclaimprediction-classification,PASS,FAIL,0.0,PASS,PASS,0.1257898155498756,PASS,PASS,PASS,PASS
carinsuranceclaimprediction-classification,PASS,PASS,0.0,PASS,PASS,0.0,FAIL,PASS,PASS,PASS
wine-quality-data,WARN,PASS,0.0,PASS,PASS,0.1399317293692896,PASS,PASS,PASS,PASS
fraud-detection,WARN,PASS,0.0,PASS,PASS,0.1652013587984602,PASS,PASS,PASS,PASS
mortality-information-system,PASS,PASS,0.0,PASS,PASS,0.0,PASS,PASS,PASS,PASS
mortality-information-system,PASS,PASS,0.0,PASS,PASS,0.0,PASS,PASS,PASS,PASS
covid-19-coronavirus-pandemic-dataset,PASS,FAIL,0.1301003344461538,WARN,PASS,0.0174245568755853,PASS,PASS,PASS,PASS
australia-weather-data,PASS,FAIL,0.101545009340909,PASS,PASS,0.1681129810628024,PASS,PASS,PASS,PASS
australia-weather-data,PASS,FAIL,0.0966499597217391,PASS,PASS,0.1735655339636591,PASS,PASS,PASS,PASS
airlines-dataset-to-predict-a-delay,PASS,FAIL,0.0,PASS,PASS,0.1490794633694585,PASS,PASS,PASS,PASS
imdb-movie-ratings-sentiment-analysis,WARN,PASS,0.0,PASS,PASS,0.0,PASS,PASS,WARN,WARN
naive-bayes-classification-data,WARN,PASS,0.0,PASS,PASS,0.0354478728149132,PASS,PASS,PASS,PASS
depression,PASS,PASS,0.0006085131,PASS,PASS,0.137093585151221,PASS,PASS,PASS,PASS
airlines-delay,WARN,FAIL,0.0,PASS,PASS,0.1406292442317892,PASS,PASS,PASS,PASS
rice-type-classification,PASS,FAIL,0.0,PASS,PASS,0.1130993829569416,PASS,PASS,PASS,PASS
music-genre-classification,WARN,PASS,0.023855827825,PASS,PASS,0.1621970441135342,PASS,PASS,WARN,WARN
music-genre-classification,WARN,PASS,0.0,PASS,PASS,0.0,PASS,PASS,PASS,PASS
music-genre-classification,PASS,PASS,0.0222892668941176,PASS,PASS,0.1685912441914083,PASS,PASS,WARN,WARN
amazon-product-reviews,PASS,FAIL,1.1e-05,PASS,FAIL,0.0888325658161616,PASS,PASS,WARN,WARN
customer-behaviour,PASS,PASS,0.0,PASS,PASS,0.1287798678388588,PASS,PASS,PASS,PASS
energy-efficiency-data-set,PASS,FAIL,0.0,PASS,PASS,0.1017472463043838,PASS,PASS,PASS,PASS
android-malware-dataset-for-machine-learning,WARN,FAIL,0.0,PASS,PASS,0.0594281006388838,PASS,PASS,PASS,PASS
android-malware-dataset-for-machine-learning,PASS,PASS,0.0,PASS,PASS,0.0032105774122798,PASS,PASS,PASS,PASS
bmidataset,WARN,PASS,0.0,PASS,PASS,0.1158464342867057,PASS,PASS,PASS,PASS
employee-future-prediction,WARN,PASS,0.0,PASS,PASS,0.167487447511329,PASS,PASS,PASS,PASS
predictive-maintenance-dataset-ai4i-2020,PASS,PASS,0.0,PASS,PASS,0.1019501553546159,PASS,PASS,PASS,PASS
medias-cost-prediction-in-foodmart,PASS,FAIL,0.0,PASS,PASS,0.1479054211330072,PASS,PASS,PASS,PASS
zoo-animals-extended-dataset,PASS,FAIL,0.0,PASS,PASS,,PASS,PASS,PASS,PASS
zoo-animals-extended-dataset,PASS,PASS,0.0,PASS,PASS,,FAIL,PASS,PASS,PASS
consumer-complaint-database,PASS,PASS,0.2102833333333333,PASS,FAIL,0.1651029027081106,PASS,PASS,WARN,WARN
hr-employee-attrition,PASS,FAIL,0.0,PASS,PASS,0.1873529975923459,FAIL,PASS,PASS,PASS
startup-success-prediction,PASS,FAIL,0.0306454109265306,WARN,PASS,0.1644564991285009,PASS,PASS,WARN,WARN
employee-satisfaction-index-dataset,PASS,FAIL,0.0,PASS,PASS,0.1459843499108145,PASS,PASS,PASS,PASS
engineering-placements-prediction,WARN,PASS,0.0,PASS,PASS,0.1382369299705621,PASS,PASS,PASS,PASS
titanic-cleaned-data,PASS,PASS,0.0550745550714285,PASS,PASS,0.1282956812619565,PASS,PASS,PASS,PASS
titanic-cleaned-data,PASS,PASS,0.1273069036214285,PASS,PASS,0.0,PASS,PASS,PASS,PASS
simple-gender-classification,WARN,FAIL,0.1,PASS,PASS,0.0,PASS,PASS,PASS,WARN
depression-reddit-cleaned,WARN,PASS,0.0,PASS,PASS,0.0,PASS,PASS,WARN,PASS
driving-behavior,PASS,FAIL,0.0,PASS,PASS,0.1514534610400853,PASS,PASS,PASS,PASS
driving-behavior,PASS,FAIL,0.0,PASS,PASS,0.1421229456370105,PASS,PASS,PASS,PASS
malware-executable-detection,WARN,FAIL,0.0,PASS,PASS,0.180417532074117,FAIL,PASS,PASS,PASS
gold-historical-data-2004-2023,WARN,FAIL,0.0,PASS,PASS,0.180417532074117,FAIL,PASS,PASS,PASS
heart-disease-classification-dataset,PASS,PASS,0.0022002200199999,PASS,PASS,0.1537006939717938,PASS,PASS,PASS,PASS
fake-news,WARN,PASS,0.0056906363199999,PASS,PASS,0.0201102142867225,PASS,PASS,WARN,WARN
netflix-rotten-tomatoes-metacritic-imdb,PASS,FAIL,0.2493072262275862,PASS,FAIL,0.1996816318447054,PASS,PASS,WARN,WARN
predict-diabetes-based-on-diagnostic-measures,PASS,FAIL,0.0,WARN,PASS,0.1576242959171325,PASS,PASS,PASS,PASS
mortality-rate-heart-patient-pakistan-hospital,WARN,FAIL,0.0,PASS,PASS,0.0786939294700715,PASS,PASS,WARN,WARN
credit-risk-classification-dataset,WARN,PASS,0.07744444445,PASS,PASS,0.084437090755588,PASS,PASS,PASS,PASS
credit-risk-classification-dataset,PASS,FAIL,0.0101880341846153,PASS,PASS,0.1427319598360589,PASS,PASS,PASS,PASS
dementia-prediction-dataset,PASS,FAIL,0.0037533512066666,PASS,PASS,0.1550731227202942,FAIL,PASS,PASS,PASS
employee-attrition,PASS,FAIL,0.0087368280647058,PASS,PASS,0.1694006430959699,FAIL,PASS,PASS,PASS
employee-attrition,PASS,FAIL,0.0074413438857142,PASS,PASS,0.1778235831915617,FAIL,PASS,PASS,PASS
world-university-rankings-202223,PASS,PASS,0.0123233540999999,PASS,PASS,0.1747328996166638,PASS,WARN,PASS,PASS
dezinfo-sk-fake-news-dataset,PASS,PASS,0.0,PASS,PASS,0.1232956595360362,FAIL,WARN,WARN,WARN
chronic-kidney-disease,PASS,PASS,0.0,PASS,PASS,0.1297925120003518,PASS,PASS,PASS,PASS
video-games-rating-by-esrb,WARN,PASS,0.0,PASS,PASS,0.1015114451791991,FAIL,PASS,PASS,WARN
video-games-rating-by-esrb,PASS,PASS,0.0,PASS,PASS,0.0870245285569202,PASS,PASS,PASS,WARN
air-traffic-data,PASS,FAIL,0.0004497901,PASS,PASS,0.0958701071698186,PASS,PASS,PASS,PASS
forbes-worlds-billionaires-list-2022,PASS,PASS,0.2505962927590909,PASS,PASS,0.2315538140528966,FAIL,PASS,PASS,WARN
medium-articles,PASS,PASS,8.333333333333334e-06,PASS,PASS,0.0,PASS,WARN,WARN,WARN
malware-analysis-datasets-api-call-sequences,WARN,PASS,0.0,PASS,PASS,0.0362188062388225,PASS,PASS,PASS,PASS
appletwittersentimenttexts,WARN,PASS,0.0,PASS,PASS,0.0,PASS,PASS,PASS,WARN
covid19-coronavirus-pandemic,PASS,FAIL,0.00044444444,PASS,PASS,0.1352364230147696,PASS,PASS,WARN,PASS
loandefault,PASS,PASS,0.0285714285714285,PASS,PASS,0.0,FAIL,PASS,PASS,WARN
loandefault,PASS,PASS,0.0,PASS,PASS,0.1871373992916811,FAIL,PASS,PASS,WARN
mobile-health,PASS,PASS,0.0,PASS,PASS,0.1653808861831124,PASS,PASS,PASS,PASS
tmnist-typeface-mnist,PASS,FAIL,0.0,PASS,PASS,,FAIL,PASS,PASS,PASS
the-global-hunger-index,PASS,PASS,0.1949044586,PASS,PASS,0.0744826049603636,FAIL,PASS,PASS,PASS
the-global-hunger-index,PASS,PASS,0.051386623175,PASS,PASS,0.1240381607105048,PASS,PASS,WARN,PASS
the-global-hunger-index,PASS,PASS,0.0,PASS,PASS,0.1220841144416713,PASS,PASS,PASS,PASS
the-global-hunger-index,PASS,PASS,0.00318133615,PASS,PASS,0.1241156913168261,PASS,PASS,WARN,PASS
migraine-classification,WARN,PASS,0.0,PASS,PASS,0.1291010296350266,FAIL,PASS,PASS,PASS
caffeine-content-of-drinks,PASS,PASS,0.0,PASS,PASS,0.1328478451561939,PASS,PASS,PASS,PASS
tour-travels-customer-churn-prediction,WARN,PASS,0.0,PASS,PASS,0.1107225872971483,PASS,PASS,PASS,PASS
star-wars-characters,PASS,FAIL,0.2036124794714286,PASS,FAIL,,PASS,PASS,WARN,PASS
tictactoe-endgame-dataset-uci,PASS,PASS,0.0,PASS,PASS,0.0,PASS,PASS,PASS,PASS
fetalhr,PASS,FAIL,0.001244715865,PASS,PASS,0.0725780581962399,FAIL,PASS,PASS,PASS
bank-personal-loan-modelling,PASS,FAIL,0.0,PASS,PASS,0.1562864559329465,PASS,PASS,PASS,PASS
cvdcvd-vd,PASS,PASS,0.0,PASS,PASS,0.1287798678388588,PASS,PASS,PASS,PASS
bankadditionalfullcsv,WARN,PASS,0.0,PASS,PASS,0.0,PASS,PASS,PASS,PASS
us-drought-meteorological-data,WARN,PASS,0.0,PASS,PASS,0.0,PASS,PASS,PASS,PASS
ethereum-historical-data,PASS,PASS,0.0,PASS,PASS,0.0,PASS,WARN,PASS,WARN
hrdatasetclassif,PASS,FAIL,0.0,PASS,PASS,0.1848610091755639,PASS,PASS,PASS,PASS
mushroom-attributes,PASS,PASS,0.0,PASS,PASS,0.0613270232961748,FAIL,PASS,PASS,PASS
motionsense-dataset,PASS,PASS,0.0,PASS,PASS,0.0613270232961748,FAIL,PASS,PASS,PASS
mario-personalities-survey-results,PASS,PASS,0.0,PASS,PASS,0.1650811091050096,PASS,PASS,PASS,PASS
software-requirements-dataset,PASS,PASS,0.0,PASS,PASS,0.0,PASS,PASS,WARN,WARN
airways-customer-data,PASS,PASS,0.0,PASS,PASS,0.0887631601332065,PASS,PASS,PASS,PASS
airways-customer-data,WARN,PASS,0.0,PASS,PASS,0.1773211191479171,PASS,PASS,PASS,PASS
airways-customer-data,PASS,PASS,0.0001170275,PASS,PASS,0.0663562215091547,PASS,PASS,PASS,WARN
airways-customer-data,PASS,PASS,0.0,PASS,PASS,0.1795643077574093,PASS,PASS,PASS,PASS
the-simpsons-dataset,PASS,PASS,0.0,PASS,PASS,0.0047457903674522,PASS,PASS,PASS,WARN
the-simpsons-dataset,PASS,PASS,0.0,PASS,PASS,0.0047457903674522,PASS,PASS,PASS,WARN
the-simpsons-dataset,PASS,FAIL,0.0552892307692307,PASS,FAIL,0.1326088801234348,PASS,PASS,WARN,WARN
the-simpsons-dataset,PASS,PASS,0.2379872062,PASS,PASS,0.0744628244381999,PASS,PASS,PASS,WARN
the-simpsons-dataset,PASS,FAIL,0.0028571428642857,PASS,PASS,0.1239061390770363,PASS,PASS,WARN,PASS
predicting-pulsar-starintermediate,PASS,FAIL,0.0313786008222222,PASS,PASS,0.1134222843722207,PASS,PASS,PASS,PASS
predicting-pulsar-starintermediate,PASS,FAIL,0.1428719222,PASS,PASS,0.0,PASS,PASS,PASS,PASS
diseases-and-symptoms,PASS,FAIL,0.0,PASS,PASS,0.2128461726899591,PASS,PASS,PASS,PASS
cpga-iq-placement,WARN,PASS,0.0,PASS,PASS,0.1263091253169314,PASS,PASS,PASS,PASS
personal-loan-modeling,PASS,FAIL,0.0,PASS,PASS,0.1562864559329465,PASS,PASS,PASS,PASS
2022-fuel-consumption-ratings,PASS,FAIL,0.0,PASS,PASS,0.1190661081269204,FAIL,PASS,PASS,PASS
eye-state-classification-eeg-dataset,PASS,FAIL,0.0,PASS,PASS,0.1190661081269204,FAIL,PASS,PASS,PASS
eye-state-classification-eeg-dataset,PASS,PASS,0.0,PASS,PASS,0.0357691918852955,PASS,PASS,PASS,PASS
ecg-arrhythmia-classification-dataset,PASS,FAIL,0.0,PASS,PASS,0.1344301231950929,PASS,PASS,PASS,PASS
ecg-arrhythmia-classification-dataset,PASS,FAIL,0.24393,PASS,FAIL,0.1725223730774228,PASS,PASS,PASS,PASS
ecg-arrhythmia-classification-dataset,PASS,FAIL,0.0,PASS,PASS,0.1257142438355469,PASS,PASS,PASS,PASS
ecg-arrhythmia-classification-dataset,PASS,FAIL,0.0,PASS,PASS,0.1200826720089426,PASS,PASS,PASS,PASS
citibike-sampled-data-2013-2017,PASS,FAIL,0.0,PASS,PASS,0.0668130178213742,FAIL,PASS,PASS,PASS
citibike-sampled-data-2013-2017,PASS,PASS,0.069955625,PASS,PASS,0.0,PASS,PASS,PASS,WARN
bank-marketing-response-predict,PASS,PASS,0.0,PASS,PASS,0.0905464687651548,PASS,PASS,PASS,PASS
bank-marketing-response-predict,PASS,PASS,0.0,PASS,PASS,0.1732280480510857,PASS,PASS,PASS,PASS
bank-marketing-response-predict,PASS,PASS,0.0,PASS,PASS,0.0049669617269274,FAIL,PASS,PASS,PASS
bank-marketing-response-predict,PASS,PASS,0.0,PASS,PASS,0.1765525999395051,PASS,PASS,PASS,PASS
automobiles,PASS,FAIL,0.0,PASS,PASS,0.1506558843435137,PASS,PASS,PASS,PASS
big-mart-sales,PASS,FAIL,0.0378681215583333,PASS,PASS,0.1140631059013848,PASS,PASS,PASS,WARN
big-mart-sales,PASS,FAIL,0.0413179497818181,PASS,PASS,0.111488042134074,PASS,PASS,PASS,WARN
datasets-in-hr-analytics-applied-ai,PASS,PASS,0.0,PASS,PASS,0.1406480329109265,PASS,PASS,PASS,PASS
datasets-in-hr-analytics-applied-ai,WARN,FAIL,0.4357142857199999,PASS,PASS,,PASS,PASS,PASS,PASS
datasets-in-hr-analytics-applied-ai,WARN,PASS,0.0,PASS,PASS,0.1288328116488963,PASS,PASS,PASS,PASS
fraudulent-transactions-prediction,PASS,FAIL,0.0,PASS,PASS,0.1042787514808227,PASS,PASS,WARN,PASS
language-identification-datasst,WARN,PASS,0.0,PASS,PASS,0.0,PASS,PASS,PASS,WARN
travel-insurance,WARN,PASS,0.0647543878272727,PASS,PASS,0.1236329886410801,PASS,PASS,PASS,PASS
emg-signal-for-gesture-recognition,PASS,PASS,0.0,PASS,PASS,0.1530247992774839,PASS,PASS,PASS,PASS
online-education-system-review,PASS,PASS,0.0,PASS,PASS,0.1810233050321917,PASS,PASS,PASS,PASS
glassdoor-job-reviews,WARN,PASS,0.1195322222222222,PASS,FAIL,0.0498111101873327,PASS,WARN,WARN,WARN
jurassic-park-the-exhaustive-dinosaur-dataset,PASS,PASS,0.0077669903,PASS,PASS,0.0144276271908784,PASS,PASS,WARN,PASS
bank-customers-data,PASS,FAIL,0.0,PASS,PASS,0.1726651486896573,PASS,PASS,PASS,PASS
csgo-round-winner-classification,WARN,FAIL,0.0,PASS,PASS,0.1630914248599751,FAIL,PASS,PASS,PASS
hranalysis,PASS,FAIL,0.0093198415076923,PASS,PASS,0.1564682936942561,PASS,PASS,PASS,PASS
hranalysis,PASS,FAIL,0.0085141376714285,PASS,PASS,0.1567779530005256,PASS,PASS,PASS,PASS
speed-dating,PASS,FAIL,0.0176352312585365,PASS,PASS,0.2187960064146481,FAIL,PASS,PASS,WARN
nasa-nearest-earth-objects,PASS,FAIL,0.0,PASS,PASS,0.0981321750556112,FAIL,PASS,PASS,PASS
nasa-nearest-earth-objects,PASS,FAIL,0.0,PASS,PASS,0.0981321750556112,FAIL,PASS,PASS,PASS
top-10-machine-learning-datasets,PASS,FAIL,0.0,PASS,PASS,0.1231383091082534,FAIL,PASS,PASS,PASS
top-10-machine-learning-datasets,PASS,PASS,0.0196078431333333,PASS,PASS,0.1464041810894427,PASS,PASS,PASS,PASS
top-10-machine-learning-datasets,WARN,PASS,0.0,WARN,PASS,0.0850603293274323,PASS,WARN,PASS,PASS
top-10-machine-learning-datasets,PASS,FAIL,0.0,PASS,PASS,0.1399744981082958,FAIL,PASS,PASS,PASS
top-10-machine-learning-datasets,PASS,PASS,0.0,PASS,PASS,0.1437250378447916,PASS,PASS,PASS,PASS
top-10-machine-learning-datasets,PASS,PASS,0.0,PASS,PASS,0.1311549181528044,PASS,PASS,PASS,PASS
top-10-machine-learning-datasets,PASS,PASS,0.0,PASS,PASS,0.1469617858765443,PASS,PASS,PASS,PASS
top-10-machine-learning-datasets,PASS,FAIL,0.0,PASS,PASS,,PASS,PASS,PASS,PASS
top-10-machine-learning-datasets,PASS,PASS,0.0,PASS,PASS,0.0949989433444621,PASS,PASS,WARN,PASS
top-10-machine-learning-datasets,PASS,PASS,0.0,PASS,PASS,0.1460025859418981,PASS,PASS,PASS,PASS
voters-and-non-voters,PASS,PASS,0.0,PASS,PASS,0.1138664121809351,PASS,PASS,PASS,PASS
loan-application-data,PASS,PASS,0.0165333333333333,WARN,PASS,0.1543724201697567,PASS,PASS,WARN,PASS
portuguese-bank-marketing-data-set,PASS,FAIL,0.0,PASS,PASS,0.1675365776316098,PASS,PASS,PASS,PASS
portuguese-bank-marketing-data-set,PASS,PASS,0.0,PASS,PASS,0.0,PASS,PASS,PASS,PASS
ml-marathon-dataset-by-azure-developer-community,PASS,PASS,0.0,PASS,PASS,0.1735071344018103,PASS,PASS,PASS,PASS
ml-marathon-dataset-by-azure-developer-community,PASS,PASS,0.0,PASS,PASS,0.1726939977489064,PASS,PASS,PASS,PASS
hepatitis-c-virus-blood-biomarkers,PASS,PASS,0.0036004645857142,PASS,PASS,0.1437267864007696,PASS,PASS,PASS,PASS
fakereal-news,PASS,PASS,0.0,PASS,PASS,0.0024564197633641,PASS,PASS,WARN,WARN
creditscoreclassification,PASS,FAIL,0.0,PASS,PASS,0.1559768734147354,PASS,PASS,PASS,WARN
creditscoreclassification,PASS,FAIL,0.0,PASS,PASS,0.1551823458576606,PASS,PASS,PASS,WARN
twitter-data,PASS,FAIL,0.1517168616884615,PASS,FAIL,0.0870983922828921,FAIL,WARN,WARN,WARN
spambase,WARN,FAIL,0.0,PASS,PASS,0.0891187671965424,PASS,PASS,PASS,PASS
oil-spill-detection,PASS,FAIL,0.0,PASS,PASS,0.1359151377711313,FAIL,PASS,PASS,PASS
sloth-species,PASS,FAIL,0.0,PASS,PASS,0.1459955401288951,PASS,PASS,PASS,PASS
paris-housing-classification,PASS,FAIL,0.0,PASS,PASS,0.1384843668213724,PASS,PASS,PASS,PASS
paris-housing-classification,PASS,FAIL,0.0,PASS,PASS,0.1370901613049923,PASS,PASS,PASS,PASS
lumpy-skin-disease-dataset,WARN,FAIL,0.131621174865,PASS,PASS,0.1134847838277232,PASS,PASS,PASS,PASS
predicting-job-titles-from-resumes,PASS,PASS,0.1081666666666666,PASS,PASS,0.0,PASS,PASS,WARN,WARN
malaysia-restaurant-review-datasets,PASS,PASS,0.1081666666666666,PASS,PASS,0.0,PASS,PASS,WARN,WARN
water-quality-dataset,WARN,FAIL,0.0033206896551724,PASS,PASS,0.0331323546084388,PASS,WARN,PASS,WARN
autismdiagnosis,WARN,FAIL,0.0033206896551724,PASS,PASS,0.0331323546084388,PASS,WARN,PASS,WARN
league-of-legends-champion-stats,PASS,PASS,0.0,PASS,PASS,0.0,PASS,PASS,PASS,PASS
league-of-legends-champion-stats,PASS,PASS,0.0,PASS,PASS,0.0,PASS,PASS,PASS,PASS
league-of-legends-champion-stats,PASS,PASS,0.0,PASS,PASS,0.0,PASS,PASS,PASS,PASS
league-of-legends-champion-stats,PASS,PASS,0.0,PASS,PASS,0.0,PASS,PASS,PASS,PASS
league-of-legends-champion-stats,PASS,PASS,0.0,PASS,PASS,0.0,PASS,PASS,PASS,PASS
league-of-legends-champion-stats,PASS,PASS,0.0,PASS,PASS,0.0,PASS,PASS,PASS,PASS
league-of-legends-champion-stats,PASS,PASS,0.0,PASS,PASS,0.0,PASS,PASS,PASS,PASS
league-of-legends-champion-stats,PASS,PASS,0.0,PASS,PASS,0.0,PASS,PASS,PASS,PASS
league-of-legends-champion-stats,PASS,PASS,0.0,PASS,PASS,0.0,PASS,PASS,PASS,PASS
league-of-legends-champion-stats,PASS,PASS,0.0,PASS,PASS,0.0,PASS,PASS,PASS,PASS
league-of-legends-champion-stats,PASS,PASS,0.0,PASS,PASS,0.0,PASS,PASS,PASS,PASS
league-of-legends-champion-stats,PASS,PASS,0.0,PASS,PASS,0.0,PASS,PASS,PASS,PASS
league-of-legends-champion-stats,PASS,PASS,0.0,PASS,PASS,0.0,PASS,PASS,PASS,PASS
league-of-legends-champion-stats,PASS,PASS,0.0,PASS,PASS,0.0,PASS,PASS,PASS,PASS
league-of-legends-champion-stats,PASS,PASS,0.0,PASS,PASS,0.0,PASS,PASS,PASS,PASS
league-of-legends-champion-stats,PASS,PASS,0.0,PASS,PASS,0.0,PASS,PASS,PASS,PASS
league-of-legends-champion-stats,PASS,PASS,0.0,PASS,PASS,0.0,PASS,PASS,PASS,PASS
league-of-legends-champion-stats,PASS,PASS,0.0,PASS,PASS,0.0,PASS,PASS,PASS,PASS
heart-statlog-cleveland-hungary-final,WARN,PASS,0.0,PASS,PASS,0.1589473612690232,PASS,PASS,PASS,PASS
sloan-digital-sky-survey,PASS,FAIL,0.0,PASS,PASS,0.1387813600491776,FAIL,PASS,PASS,PASS
emg-4,PASS,PASS,0.0,PASS,PASS,0.2288538196156063,FAIL,PASS,PASS,PASS
emg-4,PASS,PASS,0.0,PASS,PASS,0.182072235445663,FAIL,PASS,PASS,PASS
emg-4,PASS,PASS,0.0,PASS,PASS,0.176918464032148,FAIL,PASS,PASS,PASS
emg-4,PASS,PASS,0.0,PASS,PASS,0.2396044656960579,FAIL,PASS,PASS,PASS
misinformation-fake-news-text-dataset-79k,PASS,PASS,0.0,PASS,PASS,0.1034276047407592,PASS,PASS,WARN,WARN
misinformation-fake-news-text-dataset-79k,PASS,PASS,0.00020355545,PASS,PASS,0.0835381840022816,PASS,PASS,WARN,WARN
misinformation-fake-news-text-dataset-79k,PASS,PASS,0.00041458185,PASS,PASS,0.1008737943633316,PASS,PASS,WARN,WARN
poem-classification-nlp,PASS,PASS,0.0,PASS,PASS,0.0,PASS,PASS,PASS,PASS
poem-classification-nlp,WARN,PASS,0.0023781213,PASS,PASS,0.0,PASS,PASS,PASS,PASS
harumanis-mango-physical-measurement,PASS,FAIL,0.0,PASS,PASS,0.1276130952479202,PASS,PASS,PASS,PASS
harumanis-mango-physical-measurement,PASS,PASS,0.0,PASS,PASS,,PASS,PASS,PASS,PASS
malwaremicrosoftbig,PASS,PASS,0.0,PASS,PASS,,PASS,PASS,PASS,PASS
malwaremicrosoftbig,WARN,FAIL,0.0,PASS,PASS,0.0893389116286284,PASS,PASS,PASS,PASS
breast-cancer-wisconsin-benign-or-malignant,WARN,PASS,0.0,PASS,PASS,0.1253100401976186,PASS,PASS,PASS,PASS
diabetes-uci-dataset,WARN,PASS,0.0,PASS,PASS,0.0882675055499268,PASS,PASS,PASS,PASS
wsnds,WARN,FAIL,0.0,PASS,PASS,0.1178200946213193,PASS,PASS,PASS,PASS
job-placement-dataset,PASS,PASS,0.0,PASS,PASS,0.1569392480651271,PASS,PASS,PASS,PASS
elon-musks-tweets-dataset-2022,PASS,FAIL,0.0,PASS,PASS,0.0957278969538275,PASS,WARN,PASS,WARN
elon-musks-tweets-dataset-2022,PASS,PASS,0.0,PASS,PASS,,FAIL,PASS,PASS,PASS
elon-musks-tweets-dataset-2022,PASS,FAIL,0.0,PASS,PASS,0.0935422898659693,PASS,WARN,PASS,WARN
spamemailsdataset,WARN,FAIL,0.0,PASS,PASS,0.0891187671965424,PASS,PASS,PASS,PASS
spect-heart-dataset,WARN,PASS,0.0,PASS,PASS,,PASS,PASS,PASS,PASS
spect-heart-dataset,PASS,PASS,0.0,PASS,PASS,0.1858164878856657,PASS,PASS,PASS,PASS
spect-heart-dataset,PASS,PASS,0.0,PASS,PASS,,PASS,PASS,PASS,PASS
spect-heart-dataset,WARN,PASS,0.0,PASS,PASS,0.1589812332341793,PASS,PASS,PASS,PASS
global-pollution-by-counties,PASS,FAIL,0.5829022853428573,PASS,FAIL,0.0,FAIL,PASS,WARN,WARN
200k-short-texts-for-humor-detection,PASS,PASS,0.0,PASS,PASS,0.0,PASS,PASS,PASS,WARN
mbti-personality-types-500-dataset,PASS,PASS,0.0,PASS,PASS,0.0060874371307159,PASS,PASS,WARN,PASS
thoraric-surgery,PASS,PASS,0.0,PASS,PASS,0.1563607171640469,PASS,PASS,PASS,PASS
unridd-intrusion-detection-dataset,WARN,FAIL,0.0,PASS,PASS,0.1274919657790858,FAIL,PASS,PASS,PASS
diamonds,WARN,FAIL,0.0,PASS,PASS,0.1438397967424957,PASS,PASS,PASS,PASS
ionosphere,WARN,FAIL,0.0,PASS,PASS,0.1438397967424957,PASS,PASS,PASS,PASS
ionosphere,WARN,PASS,0.0,PASS,PASS,0.1656647778532327,FAIL,PASS,PASS,PASS
bank-loan-defaulter-prediction-hackathon,PASS,PASS,0.0285714285714285,PASS,PASS,0.0,FAIL,PASS,PASS,WARN
bank-loan-defaulter-prediction-hackathon,WARN,PASS,0.0,PASS,PASS,0.0,FAIL,PASS,PASS,PASS
bank-loan-defaulter-prediction-hackathon,PASS,PASS,0.0,PASS,PASS,0.1871373992916811,FAIL,PASS,PASS,WARN
dry-bean-dataset,WARN,FAIL,0.0,PASS,PASS,0.1266101109165557,PASS,PASS,PASS,PASS
star-categorization-giants-and-dwarfs,PASS,PASS,0.0,PASS,PASS,0.1030181171555629,PASS,PASS,PASS,WARN
star-categorization-giants-and-dwarfs,PASS,PASS,0.0043700437,WARN,PASS,0.1021999023224565,PASS,WARN,PASS,WARN
star-categorization-giants-and-dwarfs,PASS,PASS,0.0046171283833333,PASS,PASS,0.0928599697792484,PASS,WARN,PASS,WARN
star-categorization-giants-and-dwarfs,PASS,PASS,0.0,PASS,PASS,0.1100007685658929,PASS,PASS,PASS,WARN
recruitment-scam,WARN,PASS,0.2177541635555555,PASS,PASS,0.0617835774291018,PASS,PASS,WARN,WARN
nfl-combine-performance-data-2009-2019,PASS,FAIL,0.1059981465555555,PASS,PASS,0.104494956254616,PASS,PASS,PASS,PASS
airplane-crashes-and-fatalities,PASS,PASS,0.1382742162785714,WARN,FAIL,0.0924306095926418,PASS,WARN,WARN,WARN
play-store-apps,WARN,PASS,0.33426238434,PASS,PASS,0.1648474589825403,PASS,PASS,WARN,WARN
play-store-apps,WARN,PASS,0.0105511129384615,WARN,PASS,0.1465244969309835,PASS,PASS,WARN,WARN
tweets-with-sarcasm-and-irony,WARN,PASS,0.00067667325,PASS,PASS,0.0,PASS,PASS,PASS,WARN
tweets-with-sarcasm-and-irony,WARN,PASS,0.0,PASS,PASS,0.0,PASS,PASS,PASS,WARN
flight-delay-prediction,PASS,FAIL,0.4835191666666666,PASS,FAIL,0.0,FAIL,PASS,PASS,PASS
audit-data,WARN,FAIL,4.772814074074074e-05,PASS,PASS,0.1087261948606075,FAIL,PASS,PASS,PASS
audit-data,WARN,FAIL,7.159221111111111e-05,PASS,PASS,0.1116441189579637,PASS,PASS,PASS,PASS
indian-moviesimdb,PASS,PASS,0.0038560728875,WARN,PASS,0.0914619343718281,PASS,WARN,WARN,WARN
wrestling-world-tournament,PASS,FAIL,0.0,PASS,PASS,0.1664316303986184,PASS,PASS,PASS,PASS
github-dataset,WARN,PASS,0.062134,PASS,FAIL,0.0752208832471624,PASS,PASS,WARN,WARN
github-dataset,WARN,PASS,0.0196903856571428,PASS,PASS,0.1090725132370552,PASS,PASS,PASS,WARN
gender-submisson,PASS,PASS,0.0,PASS,PASS,0.0050984498496285,FAIL,PASS,PASS,PASS
cnn-articles-after-basic-cleaning,PASS,PASS,0.0,PASS,PASS,0.0050984498496285,FAIL,PASS,PASS,PASS
cnn-articles-after-basic-cleaning,PASS,PASS,0.0,PASS,PASS,0.0050984498496285,FAIL,PASS,PASS,PASS
datasets-for-churn-telecom,PASS,FAIL,0.0011872088137931,PASS,PASS,0.1880643804681437,PASS,PASS,PASS,PASS
datasets-for-churn-telecom,PASS,FAIL,0.0183655172413793,PASS,PASS,0.0,PASS,PASS,PASS,PASS
poker-game-dataset,WARN,PASS,0.0,PASS,PASS,0.1215300821898052,PASS,PASS,PASS,PASS
poker-game-dataset,WARN,PASS,0.0,PASS,PASS,0.1203299725652892,PASS,PASS,PASS,PASS
science-fiction-books-subgenres,PASS,FAIL,0.0006555944090909,PASS,FAIL,0.0878963570878109,PASS,PASS,PASS,WARN
science-fiction-books-subgenres,PASS,FAIL,0.0021888224181818,WARN,FAIL,0.0803112088072059,PASS,PASS,WARN,WARN
science-fiction-books-subgenres,WARN,PASS,0.0003636363636363,PASS,FAIL,0.1028560171894652,PASS,PASS,WARN,WARN
science-fiction-books-subgenres,PASS,PASS,7.272727272727273e-05,WARN,PASS,0.1169312570083742,PASS,PASS,PASS,WARN
science-fiction-books-subgenres,PASS,FAIL,0.0013884829,WARN,FAIL,0.0806362259889685,PASS,PASS,WARN,WARN
science-fiction-books-subgenres,PASS,FAIL,0.0010181818181818,PASS,FAIL,0.068114687594125,PASS,PASS,PASS,WARN
science-fiction-books-subgenres,PASS,FAIL,0.0001463914545454,PASS,FAIL,0.0716071225844804,PASS,PASS,PASS,PASS
science-fiction-books-subgenres,PASS,PASS,0.0007272727272727,PASS,FAIL,0.0981586629075195,PASS,PASS,WARN,WARN
science-fiction-books-subgenres,PASS,FAIL,7.290223636363636e-05,WARN,FAIL,0.0675932425281698,PASS,PASS,WARN,WARN
science-fiction-books-subgenres,PASS,FAIL,0.000145571,WARN,FAIL,0.0891122821937603,PASS,PASS,WARN,PASS
science-fiction-books-subgenres,PASS,FAIL,0.0003636363636363,WARN,FAIL,0.096235206367821,PASS,PASS,WARN,WARN
science-fiction-books-subgenres,PASS,FAIL,0.0003642191181818,WARN,FAIL,0.1133045959404919,PASS,PASS,WARN,WARN
earthquake-magnitude-damage-and-impact,PASS,FAIL,7.555555555555556e-05,PASS,PASS,0.0740369799955202,PASS,PASS,PASS,PASS
earthquake-magnitude-damage-and-impact,PASS,FAIL,6.451612903225807e-07,PASS,PASS,0.1696540658348138,PASS,PASS,PASS,PASS
earthquake-magnitude-damage-and-impact,PASS,FAIL,0.0,PASS,PASS,0.1089949072874442,PASS,PASS,PASS,PASS
earthquake-magnitude-damage-and-impact,PASS,FAIL,0.0,PASS,PASS,0.0834018890712358,PASS,PASS,PASS,PASS
earthquake-magnitude-damage-and-impact,PASS,FAIL,5.882352941176471e-07,PASS,PASS,0.0478279012588346,PASS,PASS,PASS,PASS
earthquake-magnitude-damage-and-impact,PASS,FAIL,0.6149984810126583,PASS,FAIL,0.1160568310680307,PASS,PASS,PASS,PASS
earthquake-magnitude-damage-and-impact,PASS,FAIL,0.0001054545454545,PASS,PASS,0.16208096822586,PASS,PASS,PASS,PASS
earthquake-magnitude-damage-and-impact,PASS,FAIL,0.1051890909090909,PASS,PASS,0.108724735015872,PASS,PASS,PASS,PASS
earthquake-magnitude-damage-and-impact,PASS,FAIL,0.3321796428571428,PASS,PASS,0.0700491259899371,FAIL,PASS,PASS,PASS
maildataset,PASS,FAIL,0.3321796428571428,PASS,PASS,0.0700491259899371,FAIL,PASS,PASS,PASS
maildataset,WARN,PASS,0.0,PASS,PASS,0.0,PASS,PASS,WARN,WARN
youtube-videos-dataset,WARN,PASS,0.0,PASS,PASS,0.0,PASS,PASS,WARN,WARN
french-twitter-sentiment-analysis,WARN,PASS,0.0,PASS,FAIL,0.0,PASS,PASS,WARN,WARN
jb-link-telco-customer-churn,PASS,PASS,0.0480186926260869,PASS,PASS,0.1873962652152929,PASS,PASS,PASS,PASS
alpha-thalassemia-dataset,PASS,PASS,0.00042517006875,PASS,PASS,0.1721632542569753,PASS,PASS,PASS,PASS
alpha-thalassemia-dataset,PASS,PASS,0.00092364531875,PASS,PASS,0.1582025080711012,PASS,PASS,PASS,PASS
anomaly-detection-falling-people-events,PASS,PASS,0.00092364531875,PASS,PASS,0.1582025080711012,PASS,PASS,PASS,PASS
liga-argentina-futbol,PASS,FAIL,0.0,PASS,PASS,0.1550548653979522,PASS,PASS,PASS,PASS
a-fake-news-dataset-around-the-syrian-war,WARN,PASS,0.0,PASS,PASS,0.1121540561304779,PASS,PASS,PASS,WARN
heart-dissease,WARN,PASS,0.0,PASS,PASS,0.1561095822674592,PASS,PASS,PASS,PASS
yeastcsv,WARN,PASS,0.0,PASS,PASS,0.1338706997429103,PASS,PASS,PASS,PASS
crystal-system-properties-for-liion-batteries,PASS,FAIL,0.0,PASS,PASS,0.1332067158938702,PASS,PASS,PASS,PASS
agricultural-crop-dataset,WARN,FAIL,0.0,PASS,PASS,0.1377313155409987,PASS,PASS,PASS,PASS
league-of-legends-stats-s13,PASS,PASS,0.0,PASS,PASS,0.0,PASS,PASS,PASS,PASS
league-of-legends-stats-s13,PASS,PASS,0.0,PASS,PASS,0.0,PASS,PASS,PASS,PASS
blood-transfusion-dataset,WARN,FAIL,0.0,PASS,PASS,0.0572570972504178,PASS,PASS,PASS,PASS
credit-risk,PASS,PASS,0.0003,PASS,PASS,0.1041757387725309,PASS,PASS,PASS,PASS
mpst-movie-plot-synopses-with-tags,PASS,PASS,0.0003,PASS,PASS,0.1041757387725309,PASS,PASS,PASS,PASS
mpst-movie-plot-synopses-with-tags,PASS,PASS,0.0,PASS,PASS,0.0,PASS,PASS,WARN,WARN
indonesia-climate,PASS,PASS,0.0,PASS,PASS,,PASS,PASS,PASS,PASS
indonesia-climate,PASS,FAIL,0.0,PASS,PASS,0.0992078762978148,PASS,PASS,PASS,PASS
indonesia-climate,PASS,PASS,0.0527708333333333,PASS,PASS,0.1372077965365341,PASS,PASS,PASS,PASS
kc-house-data,PASS,FAIL,0.0,PASS,PASS,0.1586871506468318,PASS,PASS,PASS,PASS
twitter-reviews-for-emotion-analysis,WARN,PASS,0.0,PASS,PASS,0.0895004862698975,PASS,PASS,WARN,PASS
nlp-analysis-of-top-netflix-asian-series,PASS,PASS,0.0,PASS,PASS,0.0,PASS,WARN,WARN,WARN
nlp-analysis-of-top-netflix-asian-series,PASS,PASS,0.0,PASS,PASS,0.0,PASS,PASS,WARN,WARN
nlp-analysis-of-top-netflix-asian-series,PASS,PASS,0.0,PASS,PASS,0.0,PASS,WARN,WARN,WARN
clinvar-conflicting,PASS,FAIL,0.2996113581847825,WARN,FAIL,0.0,FAIL,WARN,WARN,WARN
us-economic-news-articles,PASS,FAIL,0.223375,PASS,PASS,0.0,FAIL,PASS,WARN,WARN
uplift-modeling,WARN,FAIL,0.0,PASS,PASS,0.0859322386944945,PASS,PASS,PASS,PASS
flipkart-ecommerce-dataset,WARN,FAIL,0.0202279771933333,WARN,PASS,0.0935951584492435,PASS,PASS,WARN,WARN
imdb-movie-reviews-dataset,WARN,PASS,0.0,PASS,PASS,0.0,PASS,PASS,WARN,WARN
imdb-movie-reviews-dataset,WARN,PASS,0.0,PASS,PASS,0.0,PASS,PASS,WARN,WARN
english-quotes,PASS,PASS,0.0,PASS,PASS,0.0846153217017796,PASS,WARN,WARN,WARN
english-quotes,PASS,PASS,0.0,PASS,PASS,0.0846153217017796,PASS,WARN,WARN,WARN
english-quotes,PASS,PASS,0.0,PASS,PASS,0.0846153217017796,PASS,WARN,WARN,WARN
pcos-dataset,PASS,FAIL,8.401949090909091e-05,PASS,PASS,0.1802090851753524,PASS,PASS,PASS,WARN
parts-manufacturing-industry-dataset,PASS,PASS,0.0,PASS,PASS,0.1356753250748177,PASS,PASS,PASS,PASS
household-appliances-power-consumption,PASS,PASS,0.0,PASS,PASS,0.0063116861501174,PASS,PASS,PASS,PASS
household-appliances-power-consumption,PASS,PASS,0.0,PASS,PASS,0.0033039892423506,PASS,PASS,PASS,PASS
household-appliances-power-consumption,PASS,PASS,0.0,PASS,PASS,0.0053571007724314,PASS,PASS,PASS,PASS
household-appliances-power-consumption,PASS,PASS,0.0,PASS,PASS,0.009083654570652,PASS,PASS,PASS,PASS
household-appliances-power-consumption,PASS,PASS,0.0,PASS,PASS,0.008858156344373,PASS,PASS,PASS,PASS
household-appliances-power-consumption,PASS,PASS,0.0,PASS,PASS,0.002123204228431,PASS,PASS,PASS,PASS
household-appliances-power-consumption,PASS,PASS,0.0,PASS,PASS,0.006305124870761,PASS,PASS,PASS,PASS
household-appliances-power-consumption,PASS,PASS,0.0,PASS,PASS,0.0037503830638722,PASS,PASS,PASS,PASS
household-appliances-power-consumption,PASS,PASS,0.0,PASS,PASS,0.0159625577507509,PASS,PASS,PASS,PASS
household-appliances-power-consumption,PASS,PASS,0.0,PASS,PASS,0.0062142882065127,PASS,PASS,PASS,PASS
household-appliances-power-consumption,PASS,PASS,0.0,PASS,PASS,0.0045919344885665,PASS,PASS,PASS,PASS
household-appliances-power-consumption,PASS,PASS,0.0,PASS,PASS,0.0085400535883736,PASS,PASS,PASS,PASS
household-appliances-power-consumption,PASS,PASS,0.0,PASS,PASS,0.0050964148953623,PASS,PASS,PASS,PASS
household-appliances-power-consumption,PASS,PASS,0.0,PASS,PASS,0.0068783950640141,PASS,PASS,PASS,PASS
household-appliances-power-consumption,PASS,PASS,0.0,PASS,PASS,0.0009130468389411,PASS,PASS,PASS,PASS
household-appliances-power-consumption,PASS,PASS,0.0,PASS,PASS,0.0163130796882538,PASS,PASS,PASS,PASS
household-appliances-power-consumption,PASS,PASS,0.0,PASS,PASS,0.0050427836032948,PASS,PASS,PASS,PASS
household-appliances-power-consumption,PASS,PASS,0.0,PASS,PASS,0.002804143949392,PASS,PASS,PASS,PASS
household-appliances-power-consumption,PASS,PASS,0.0,PASS,PASS,0.0128852967447607,PASS,PASS,PASS,PASS
household-appliances-power-consumption,PASS,PASS,0.0,PASS,PASS,0.0025677295570464,PASS,PASS,PASS,PASS
household-appliances-power-consumption,PASS,PASS,0.0,PASS,PASS,0.009526460841245,PASS,PASS,PASS,PASS
household-appliances-power-consumption,PASS,PASS,0.0,PASS,PASS,0.0052498093036533,PASS,PASS,PASS,PASS
household-appliances-power-consumption,PASS,PASS,0.0,PASS,PASS,0.0037796368648827,PASS,PASS,PASS,PASS
household-appliances-power-consumption,PASS,PASS,0.0,PASS,PASS,0.0062830109047457,PASS,PASS,PASS,PASS
household-appliances-power-consumption,PASS,PASS,0.0,PASS,PASS,0.011879773867922,PASS,PASS,PASS,PASS
household-appliances-power-consumption,PASS,PASS,0.0,PASS,PASS,0.0084721605776045,PASS,PASS,PASS,PASS
household-appliances-power-consumption,PASS,PASS,0.0423280423333333,PASS,PASS,,PASS,PASS,PASS,PASS
household-appliances-power-consumption,PASS,PASS,0.0,PASS,PASS,0.0056815035878382,PASS,PASS,PASS,PASS
household-appliances-power-consumption,PASS,PASS,0.0,PASS,PASS,0.0038121119884847,PASS,PASS,PASS,PASS
household-appliances-power-consumption,PASS,PASS,0.0,PASS,PASS,0.0037717742466889,PASS,PASS,PASS,PASS
household-appliances-power-consumption,PASS,PASS,0.0,PASS,PASS,0.0035716251293827,PASS,PASS,PASS,PASS
household-appliances-power-consumption,PASS,PASS,0.0,PASS,PASS,0.0060103217739024,PASS,PASS,PASS,PASS
household-appliances-power-consumption,PASS,PASS,0.0,PASS,PASS,0.0009681684982491,PASS,PASS,PASS,PASS
household-appliances-power-consumption,PASS,PASS,0.0,PASS,PASS,0.0075387197205407,PASS,PASS,PASS,PASS
household-appliances-power-consumption,PASS,PASS,0.0,PASS,PASS,0.0044363570361288,PASS,PASS,PASS,PASS
household-appliances-power-consumption,PASS,PASS,0.0,PASS,PASS,0.0038254695759797,PASS,PASS,PASS,PASS
household-appliances-power-consumption,PASS,PASS,0.0,PASS,PASS,0.0050042364071742,PASS,PASS,PASS,PASS
household-appliances-power-consumption,PASS,PASS,0.0,PASS,PASS,0.0126912077033631,PASS,PASS,PASS,PASS
household-appliances-power-consumption,PASS,PASS,0.0,PASS,PASS,0.0054844984283134,PASS,PASS,PASS,PASS
household-appliances-power-consumption,PASS,PASS,0.0,PASS,PASS,0.0061181758695482,PASS,PASS,PASS,PASS
household-appliances-power-consumption,PASS,PASS,0.0,PASS,PASS,0.0045618528051788,PASS,PASS,PASS,PASS
household-appliances-power-consumption,PASS,PASS,0.0,PASS,PASS,0.0039713766579009,PASS,PASS,PASS,PASS
household-appliances-power-consumption,PASS,PASS,0.0,PASS,PASS,0.0009938742671557,PASS,PASS,PASS,PASS
smartphone-human-fall-dataset,PASS,FAIL,0.0,PASS,PASS,0.1378167248103903,PASS,PASS,PASS,PASS
smartphone-human-fall-dataset,PASS,FAIL,0.0,PASS,PASS,0.1261157071314321,PASS,PASS,PASS,PASS
website-classification-using-url,PASS,FAIL,0.0,PASS,PASS,0.0835523326256058,PASS,PASS,WARN,WARN
speech-emotion-dataset,WARN,PASS,0.0,PASS,PASS,0.1651449861778918,PASS,PASS,PASS,PASS
breast-cancer-coimbra-data-set,PASS,FAIL,0.0,PASS,PASS,0.1686415435563822,PASS,PASS,PASS,PASS
iot-healthcare-security-dataset,PASS,FAIL,0.0,PASS,PASS,0.1686415435563822,PASS,PASS,PASS,PASS
dynamically-generated-hate-speech-dataset,PASS,PASS,0.0650146692545454,PASS,PASS,0.120540870490989,PASS,PASS,WARN,WARN
dynamically-generated-hate-speech-dataset,PASS,PASS,0.0,PASS,PASS,0.0203295750581682,PASS,PASS,PASS,PASS
ibm-amlsim-example-dataset,PASS,FAIL,0.0,PASS,PASS,0.1147522220712813,FAIL,PASS,PASS,PASS
ibm-amlsim-example-dataset,PASS,FAIL,0.0,PASS,PASS,0.1394204574086623,FAIL,PASS,PASS,PASS
ibm-amlsim-example-dataset,PASS,FAIL,0.0,PASS,PASS,0.0476616614203347,FAIL,PASS,PASS,PASS
versatileproductionsystem,PASS,PASS,0.0,PASS,PASS,0.0441193628472489,FAIL,PASS,PASS,PASS
versatileproductionsystem,PASS,FAIL,0.0,PASS,PASS,0.0435101286316907,FAIL,PASS,PASS,PASS
versatileproductionsystem,PASS,PASS,0.0,PASS,PASS,0.0811589365934434,PASS,PASS,PASS,PASS
versatileproductionsystem,PASS,FAIL,0.0,PASS,PASS,0.0727541396263653,FAIL,PASS,PASS,PASS
versatileproductionsystem,PASS,PASS,0.0,PASS,PASS,0.0747722881946733,PASS,PASS,PASS,PASS
versatileproductionsystem,PASS,PASS,0.0,PASS,PASS,0.0943494915141541,FAIL,PASS,PASS,PASS
versatileproductionsystem,PASS,FAIL,0.0,PASS,PASS,0.0710562187014853,FAIL,PASS,PASS,PASS
versatileproductionsystem,PASS,PASS,0.0,PASS,PASS,0.0809563513123827,FAIL,PASS,PASS,PASS
versatileproductionsystem,PASS,PASS,0.0,PASS,PASS,0.0891584543864077,FAIL,PASS,PASS,PASS
fraud-transaction-detection,PASS,FAIL,0.0,PASS,PASS,0.0776569806124285,PASS,PASS,PASS,PASS
diabetes-dataset,PASS,PASS,0.0,PASS,PASS,0.1557969294101674,PASS,PASS,PASS,PASS
financial-payment-services-fraud-data,PASS,FAIL,0.0,PASS,PASS,0.1042787514808227,PASS,PASS,WARN,PASS
titanic-passengers-and-crew-complete-list,PASS,PASS,0.1519957161090909,PASS,PASS,0.1391124026506843,PASS,PASS,WARN,PASS
iris-dataset-decesion-tree-classifier,PASS,PASS,0.1519957161090909,PASS,PASS,0.1391124026506843,PASS,PASS,WARN,PASS
iris-dataset-decesion-tree-classifier,PASS,FAIL,0.0,PASS,PASS,0.1514866685022877,PASS,PASS,PASS,PASS
iris-dataset-decesion-tree-classifier,PASS,FAIL,0.0,PASS,PASS,0.1514866685022877,PASS,PASS,PASS,PASS
ipl-cricket-dataset,PASS,PASS,0.0568658280833333,PASS,PASS,0.0,PASS,PASS,PASS,PASS
ipl-cricket-dataset,WARN,PASS,0.0,PASS,PASS,0.0774392438953377,PASS,PASS,PASS,PASS
ipl-cricket-dataset,WARN,PASS,0.0011435105727272,PASS,PASS,0.0875100216492279,PASS,PASS,PASS,PASS
ipl-cricket-dataset,WARN,PASS,0.1363942857142857,PASS,PASS,0.1039393393003452,PASS,PASS,PASS,PASS
wine-customer-segmentation,PASS,PASS,0.0,PASS,PASS,0.1665504599376065,PASS,PASS,PASS,PASS
hierarchical-text-classification,PASS,PASS,4e-05,PASS,PASS,0.131482314399996,PASS,PASS,WARN,WARN
hierarchical-text-classification,PASS,PASS,5e-05,PASS,PASS,0.1296196289083388,PASS,PASS,WARN,WARN
hierarchical-text-classification,WARN,PASS,0.00013,PASS,PASS,0.0,PASS,PASS,WARN,WARN
passenger-list-for-the-estonia-ferry-disaster,PASS,PASS,0.0,PASS,PASS,0.1153850054991936,PASS,PASS,WARN,WARN
10k-german-news-articles,PASS,FAIL,0.0,PASS,PASS,,PASS,PASS,PASS,PASS
10k-german-news-articles,PASS,FAIL,0.1027979999999999,PASS,FAIL,0.0893966758014457,PASS,WARN,PASS,WARN
10k-german-news-articles,PASS,PASS,0.0,PASS,PASS,0.103064391300135,PASS,PASS,PASS,PASS
10k-german-news-articles,PASS,PASS,0.0,PASS,PASS,0.099657429204185,PASS,PASS,WARN,PASS
10k-german-news-articles,PASS,PASS,0.0,PASS,PASS,0.0676698163939649,PASS,PASS,PASS,PASS
10k-german-news-articles,PASS,FAIL,0.0,PASS,PASS,0.0653448336201498,PASS,PASS,PASS,PASS
10k-german-news-articles,PASS,PASS,0.0,PASS,PASS,0.0843878945994989,PASS,PASS,PASS,PASS
web-page-phishing-detection,WARN,FAIL,0.0,WARN,PASS,0.17036696232657,FAIL,PASS,WARN,WARN
asteroid-classification-for-hazardous-prediction,PASS,FAIL,0.37688,PASS,FAIL,0.0,FAIL,PASS,PASS,WARN
iitjee-neet-aims-students-questions-data,WARN,PASS,0.0,PASS,PASS,0.0,PASS,PASS,WARN,WARN
exercise-recognition,PASS,PASS,0.0,PASS,PASS,0.1580283245513836,PASS,PASS,PASS,PASS
exercise-recognition,PASS,FAIL,0.0,PASS,PASS,0.0372534146480362,PASS,PASS,PASS,PASS
exercise-recognition,PASS,PASS,0.0,PASS,PASS,0.1623101089940301,PASS,PASS,PASS,PASS
exercise-recognition,PASS,FAIL,0.0,PASS,PASS,0.142647171188553,PASS,PASS,PASS,PASS
exercise-recognition,PASS,FAIL,0.0,PASS,PASS,0.1484569292949186,PASS,PASS,PASS,PASS
myocardial-infarction-complications,PASS,FAIL,0.0757779886080645,PASS,PASS,0.2059531814917692,PASS,PASS,PASS,PASS
internet-speeds-and-prices,PASS,FAIL,0.0390716129032258,PASS,PASS,0.124504686734855,FAIL,PASS,PASS,WARN
internet-speeds-and-prices,PASS,FAIL,0.0524566861166666,PASS,PASS,0.1342624175414033,FAIL,PASS,PASS,PASS
internet-speeds-and-prices,PASS,FAIL,0.0782948148148148,PASS,PASS,0.1298884261354198,FAIL,PASS,PASS,WARN
internet-speeds-and-prices,PASS,FAIL,0.0556542307692307,PASS,PASS,0.122864242241084,FAIL,PASS,PASS,WARN
internet-speeds-and-prices,PASS,FAIL,0.0282633333333333,PASS,PASS,0.122129603403779,FAIL,PASS,WARN,WARN
user-ott-consumption-profile-2019,PASS,FAIL,0.0,PASS,PASS,0.1332429557251924,FAIL,PASS,PASS,PASS
power-quality-distribution-dataset-2,PASS,FAIL,0.0,PASS,PASS,,PASS,PASS,PASS,PASS
power-quality-distribution-dataset-2,WARN,PASS,0.0,PASS,PASS,0.0,PASS,PASS,PASS,PASS
power-quality-distribution-dataset-2,WARN,PASS,0.0,PASS,PASS,0.0,PASS,PASS,PASS,PASS
power-quality-distribution-dataset-2,WARN,FAIL,0.0,PASS,PASS,0.0476578876717769,PASS,PASS,PASS,PASS
medium-app-reviews-from-google-play-store,PASS,PASS,0.2729395841454545,PASS,FAIL,0.039364042975579,PASS,PASS,WARN,WARN
ted-ultimate-dataset,PASS,PASS,0.2729395841454545,PASS,FAIL,0.039364042975579,PASS,PASS,WARN,WARN
diabetes-binary-classification,PASS,PASS,0.0,PASS,PASS,0.1557969294101674,PASS,PASS,PASS,PASS
phishing-data,WARN,PASS,0.0,PASS,PASS,0.0555668958924294,PASS,PASS,WARN,WARN
banknote-authentication-uci,WARN,PASS,0.0,PASS,PASS,0.1252373874130128,PASS,PASS,PASS,PASS
game-review-dataset,WARN,PASS,0.0,PASS,PASS,0.1252373874130128,PASS,PASS,PASS,PASS
game-review-dataset,WARN,PASS,0.0,PASS,PASS,0.1252373874130128,PASS,PASS,PASS,PASS
credit-card-bank-churn,PASS,FAIL,0.0,PASS,PASS,0.1724398243449258,PASS,PASS,PASS,PASS
spam-assassin-email-classification-dataset,WARN,PASS,0.0,PASS,PASS,0.0,PASS,PASS,WARN,PASS
malware-analysis-datasets-raw-pe-as-image,WARN,PASS,0.0,PASS,PASS,,PASS,PASS,PASS,PASS
churn-risk-rate-hackerearth-ml,PASS,PASS,0.0106054520833333,WARN,PASS,0.1550542847284234,PASS,WARN,WARN,PASS
churn-risk-rate-hackerearth-ml,PASS,PASS,0.009903762976,WARN,PASS,0.1572827398157123,PASS,WARN,WARN,PASS
churn-risk-rate-hackerearth-ml,PASS,PASS,0.0,PASS,PASS,,PASS,PASS,PASS,PASS
covid-news-articles-2020-2022,WARN,PASS,3.3333333333333337e-06,PASS,PASS,0.0008943238671278,PASS,PASS,WARN,WARN
datasets-in-it-ops-applied-ai,PASS,PASS,0.0,PASS,PASS,0.1476084431276129,PASS,PASS,PASS,PASS
datasets-in-it-ops-applied-ai,WARN,PASS,0.0,PASS,PASS,0.0972815618187452,PASS,PASS,PASS,PASS
datasets-in-it-ops-applied-ai,PASS,PASS,0.0,PASS,PASS,,PASS,PASS,PASS,PASS
predict-the-genetic-disorder,PASS,PASS,0.0526124399581395,PASS,PASS,0.1850409827505202,PASS,WARN,PASS,WARN
predict-the-genetic-disorder,PASS,PASS,0.0952879791911111,PASS,FAIL,0.1974029131485238,FAIL,WARN,PASS,WARN
predict-the-genetic-disorder,PASS,FAIL,0.0,PASS,PASS,,PASS,PASS,PASS,PASS
dog-adoption,PASS,PASS,0.1851851851833333,PASS,PASS,,PASS,PASS,PASS,PASS
dog-adoption,PASS,PASS,0.2579198507555555,PASS,PASS,0.1178985501313888,FAIL,PASS,PASS,WARN
dog-adoption,PASS,FAIL,0.1735733929166666,WARN,PASS,0.0,FAIL,PASS,WARN,WARN
classification-in-asteroseismology,PASS,FAIL,0.0,PASS,PASS,0.1136067545218065,PASS,PASS,PASS,PASS
hate-comment,PASS,PASS,0.0,PASS,PASS,0.0114253118713755,PASS,PASS,WARN,WARN
keylogger-detection,PASS,FAIL,2.9418604651162803e-05,PASS,FAIL,0.1344833997251916,FAIL,PASS,WARN,WARN
credit-card-fraud-detectionusing-decesion-trees,PASS,FAIL,2.9418604651162803e-05,PASS,FAIL,0.1344833997251916,FAIL,PASS,WARN,WARN
credit-card-fraud-detectionusing-decesion-trees,PASS,FAIL,2.9418604651162803e-05,PASS,FAIL,0.1344833997251916,FAIL,PASS,WARN,WARN
credit-card-fraud-detectionusing-decesion-trees,WARN,PASS,0.0051581652428571,PASS,PASS,0.1148941221801643,PASS,PASS,PASS,PASS
color-balls-decision-trees,WARN,PASS,0.0,PASS,PASS,0.0816287153212827,PASS,PASS,PASS,PASS
color-balls-decision-trees,WARN,PASS,0.0,PASS,PASS,0.0096893378888962,PASS,PASS,PASS,PASS
boxing-matches-dataset-predict-winner,WARN,PASS,0.0,PASS,PASS,0.0430611876271839,PASS,PASS,PASS,WARN
boxing-matches-dataset-predict-winner,PASS,FAIL,0.0595567866999999,PASS,PASS,0.1738155359089427,FAIL,PASS,PASS,PASS
banfakenews,PASS,PASS,0.0,PASS,PASS,0.137309480693852,FAIL,PASS,WARN,WARN
banfakenews,PASS,PASS,0.0,PASS,PASS,0.1182107419315767,FAIL,PASS,WARN,WARN
banfakenews,PASS,PASS,0.0,PASS,PASS,0.0789326849983486,FAIL,PASS,WARN,WARN
banfakenews,PASS,PASS,0.0,PASS,PASS,0.0769644503036506,FAIL,PASS,WARN,WARN
python-data-visualization-essentials-guide,PASS,FAIL,0.1818181818181818,PASS,PASS,0.0,PASS,PASS,WARN,PASS
python-data-visualization-essentials-guide,WARN,PASS,0.4347826086999999,PASS,PASS,,PASS,PASS,PASS,PASS
python-data-visualization-essentials-guide,PASS,FAIL,0.0782676308266666,PASS,PASS,0.0,FAIL,PASS,PASS,WARN
python-data-visualization-essentials-guide,PASS,PASS,0.0,PASS,PASS,,PASS,PASS,PASS,PASS
python-data-visualization-essentials-guide,PASS,PASS,0.0,PASS,PASS,0.1554655422545549,PASS,PASS,PASS,PASS
python-data-visualization-essentials-guide,WARN,FAIL,0.0075811573,PASS,PASS,0.1602150540215488,PASS,PASS,PASS,WARN
python-data-visualization-essentials-guide,PASS,PASS,0.0007122507111111,PASS,PASS,0.1232305212045354,PASS,PASS,PASS,PASS
python-data-visualization-essentials-guide,PASS,PASS,0.0,PASS,PASS,0.1539705930853014,PASS,PASS,PASS,PASS
python-data-visualization-essentials-guide,PASS,PASS,0.0685111493545454,PASS,FAIL,0.1017052911817379,PASS,PASS,WARN,WARN
python-data-visualization-essentials-guide,PASS,FAIL,0.074296435276923,WARN,PASS,0.1297194430137151,PASS,WARN,PASS,PASS
python-data-visualization-essentials-guide,PASS,FAIL,0.0,PASS,PASS,0.1446317713882221,PASS,PASS,PASS,PASS
python-data-visualization-essentials-guide,PASS,FAIL,0.0,PASS,PASS,0.1581491992979686,PASS,PASS,PASS,PASS
python-data-visualization-essentials-guide,PASS,PASS,0.08099513655,PASS,PASS,0.1220029533995454,PASS,PASS,PASS,PASS
python-data-visualization-essentials-guide,PASS,FAIL,0.0829258976357142,PASS,PASS,0.0,FAIL,PASS,PASS,PASS
python-data-visualization-essentials-guide,PASS,PASS,0.0,PASS,PASS,0.0,PASS,PASS,PASS,PASS
python-data-visualization-essentials-guide,PASS,FAIL,0.0,PASS,PASS,,PASS,PASS,PASS,PASS
python-data-visualization-essentials-guide,PASS,FAIL,0.0,PASS,PASS,,PASS,PASS,PASS,PASS
python-data-visualization-essentials-guide,WARN,PASS,0.0,PASS,PASS,0.1356826687139314,PASS,PASS,PASS,PASS
python-data-visualization-essentials-guide,PASS,PASS,0.0,PASS,PASS,0.0,PASS,PASS,PASS,PASS
python-data-visualization-essentials-guide,PASS,FAIL,0.0,PASS,PASS,0.1153435734356712,PASS,PASS,PASS,PASS
python-data-visualization-essentials-guide,PASS,FAIL,0.0,PASS,PASS,0.1356572264358878,PASS,PASS,PASS,PASS
netflix-prime-video-disney-hulu,PASS,FAIL,0.0479539244916666,PASS,PASS,0.0726324326695956,FAIL,PASS,PASS,WARN
musical,PASS,FAIL,0.0,PASS,PASS,,PASS,PASS,PASS,PASS
tagmybook,PASS,FAIL,0.0,WARN,PASS,0.0905396584089572,PASS,PASS,WARN,PASS
weather-in-aus,PASS,FAIL,0.0924654166666666,PASS,PASS,0.176400677916227,PASS,PASS,PASS,PASS
starbucks-locations-worldwide-2021-version,PASS,FAIL,0.1026464246058823,PASS,FAIL,0.0531769789960834,PASS,PASS,WARN,WARN
visa-hd,PASS,FAIL,0.0,PASS,PASS,0.0940885212084799,PASS,PASS,PASS,PASS
hr-analysis,PASS,FAIL,0.0777578057307692,PASS,PASS,0.196503070351324,PASS,PASS,PASS,WARN
hr-analysis,PASS,FAIL,0.0699501217785714,PASS,PASS,0.1970978136333085,PASS,PASS,PASS,WARN
hr-analysis,PASS,PASS,0.0,PASS,PASS,0.0998172701507449,FAIL,PASS,PASS,PASS
credit-card-defaulter-prediction,PASS,FAIL,0.0,PASS,PASS,0.1708095112204702,PASS,PASS,PASS,PASS
churn-model-data-set-competition-form,PASS,FAIL,0.0,PASS,PASS,0.1708095112204702,PASS,PASS,PASS,PASS
churn-model-data-set-competition-form,PASS,PASS,0.0,PASS,PASS,0.1329917607469271,PASS,PASS,PASS,WARN
churn-model-data-set-competition-form,PASS,PASS,0.0,PASS,PASS,0.0945883930645489,PASS,PASS,PASS,PASS
sentiment-with-16-million-tweets-with-locations,PASS,PASS,0.0,PASS,PASS,0.1228463438263411,FAIL,PASS,WARN,WARN
road-traffic-collision-dataset,WARN,FAIL,0.0240255882352941,PASS,FAIL,0.1935220044608458,PASS,PASS,PASS,PASS
ideal-customer-analysis-personality-test,PASS,PASS,0.0,PASS,PASS,0.0,PASS,PASS,PASS,PASS
complete-competitive-pokmon-datasets-may-2022,PASS,PASS,0.2008196721363636,PASS,FAIL,0.0489500618340908,PASS,WARN,WARN,WARN
complete-competitive-pokmon-datasets-may-2022,PASS,FAIL,0.1574074074,PASS,PASS,0.0024227887479174,PASS,PASS,PASS,PASS
complete-competitive-pokmon-datasets-may-2022,PASS,PASS,0.0,PASS,PASS,,PASS,PASS,PASS,PASS
complete-competitive-pokmon-datasets-may-2022,PASS,PASS,0.0003523608333333,PASS,PASS,0.0,PASS,PASS,PASS,PASS
complete-competitive-pokmon-datasets-may-2022,PASS,PASS,0.0,PASS,PASS,0.0,PASS,PASS,PASS,PASS
complete-competitive-pokmon-datasets-may-2022,PASS,FAIL,0.0,PASS,PASS,,PASS,PASS,PASS,PASS
complete-competitive-pokmon-datasets-may-2022,PASS,PASS,0.0,PASS,PASS,0.0,PASS,PASS,PASS,PASS
complete-competitive-pokmon-datasets-may-2022,PASS,PASS,0.0,PASS,PASS,0.0084519343054868,PASS,PASS,PASS,WARN
complete-competitive-pokmon-datasets-may-2022,PASS,PASS,0.0,PASS,PASS,0.0,PASS,PASS,PASS,PASS
complete-competitive-pokmon-datasets-may-2022,PASS,PASS,0.0,PASS,PASS,0.0,PASS,PASS,PASS,PASS
complete-competitive-pokmon-datasets-may-2022,WARN,PASS,0.0,PASS,PASS,0.0,PASS,PASS,PASS,PASS
complete-competitive-pokmon-datasets-may-2022,PASS,PASS,0.0012484394666666,PASS,PASS,0.0,PASS,PASS,WARN,PASS
complete-competitive-pokmon-datasets-may-2022,PASS,PASS,0.0,PASS,PASS,0.0,PASS,PASS,PASS,WARN
complete-competitive-pokmon-datasets-may-2022,PASS,PASS,0.0,PASS,PASS,0.0,PASS,PASS,PASS,PASS
complete-competitive-pokmon-datasets-may-2022,PASS,PASS,0.1674110163777777,WARN,PASS,0.1315647558450865,PASS,WARN,PASS,WARN
complete-competitive-pokmon-datasets-may-2022,PASS,PASS,0.0,PASS,PASS,0.0,PASS,PASS,WARN,PASS
complete-competitive-pokmon-datasets-may-2022,PASS,PASS,0.1426870748285714,PASS,PASS,0.0,PASS,PASS,PASS,PASS
complete-competitive-pokmon-datasets-may-2022,PASS,PASS,0.0,PASS,PASS,,PASS,PASS,WARN,PASS
complete-competitive-pokmon-datasets-may-2022,PASS,PASS,0.0,PASS,PASS,0.0,PASS,PASS,PASS,PASS
infoseccyber-security-salaries,WARN,PASS,0.0,PASS,PASS,0.1005631025852195,PASS,PASS,PASS,PASS
traffic-flow-data-in-ho-chi-minh-city-viet-nam,PASS,FAIL,0.0804693634363636,PASS,PASS,0.1106671387921074,PASS,PASS,WARN,WARN
traffic-flow-data-in-ho-chi-minh-city-viet-nam,PASS,PASS,0.0,PASS,PASS,0.114082598724543,PASS,PASS,PASS,PASS
traffic-flow-data-in-ho-chi-minh-city-viet-nam,PASS,PASS,0.2222582388,PASS,PASS,0.189260983557053,PASS,PASS,WARN,WARN
traffic-flow-data-in-ho-chi-minh-city-viet-nam,PASS,FAIL,0.0473404237666666,PASS,PASS,0.1460082327804042,PASS,PASS,WARN,WARN
traffic-flow-data-in-ho-chi-minh-city-viet-nam,PASS,PASS,0.0,PASS,PASS,0.0702417119060984,PASS,PASS,PASS,PASS
enron-spam-data,PASS,PASS,0.0003084589,PASS,PASS,0.0887117499932112,PASS,PASS,WARN,WARN
enron-spam-data,PASS,PASS,0.0003084589,PASS,PASS,0.0887117499932112,PASS,PASS,WARN,WARN
enron-spam-data,PASS,PASS,0.0003084589,PASS,PASS,0.0887117499932112,PASS,PASS,WARN,WARN
enron-spam-data,PASS,PASS,0.0003084589,PASS,PASS,0.0887117499932112,PASS,PASS,WARN,WARN
language-detect-artificial-intelligence-software,PASS,PASS,0.0003084589,PASS,PASS,0.0887117499932112,PASS,PASS,WARN,WARN
language-detect-artificial-intelligence-software,PASS,PASS,0.0003084589,PASS,PASS,0.0887117499932112,PASS,PASS,WARN,WARN
language-detect-artificial-intelligence-software,PASS,PASS,0.0003084589,PASS,PASS,0.0887117499932112,PASS,PASS,WARN,WARN
language-detect-artificial-intelligence-software,PASS,PASS,0.0003084589,PASS,PASS,0.0887117499932112,PASS,PASS,WARN,WARN
language-detect-artificial-intelligence-software,PASS,PASS,0.0003084589,PASS,PASS,0.0887117499932112,PASS,PASS,WARN,WARN
language-detect-artificial-intelligence-software,PASS,PASS,0.0003084589,PASS,PASS,0.0887117499932112,PASS,PASS,WARN,WARN
language-detect-artificial-intelligence-software,WARN,PASS,0.0,PASS,PASS,0.0,PASS,PASS,PASS,WARN
swarm-behaviour-classification,WARN,PASS,0.0,PASS,PASS,,PASS,PASS,PASS,PASS
inshort-news,PASS,PASS,0.0,PASS,PASS,0.0628082487652828,PASS,PASS,PASS,PASS
inshort-news,PASS,PASS,0.0,PASS,PASS,0.098035146281567,PASS,PASS,PASS,PASS
inshort-news,PASS,PASS,0.0,PASS,PASS,0.0979193309327605,PASS,PASS,PASS,PASS
inshort-news,PASS,PASS,0.0,PASS,PASS,0.131778089794018,PASS,PASS,PASS,PASS
inshort-news,PASS,PASS,0.0,PASS,PASS,0.1235583167799436,PASS,PASS,PASS,WARN
inshort-news,PASS,PASS,0.0,PASS,PASS,0.1233585823474225,PASS,PASS,PASS,PASS
inshort-news,PASS,PASS,0.0,PASS,PASS,0.1097550347471875,PASS,PASS,PASS,WARN
a-comprehensive-dataset-for-ddos-attack,WARN,FAIL,0.0,PASS,PASS,0.0438839330819183,FAIL,PASS,PASS,PASS
motorcycle-technical-specifications-19702022,PASS,PASS,0.0,PASS,PASS,0.0,PASS,PASS,PASS,WARN
motorcycle-technical-specifications-19702022,PASS,FAIL,0.2041540415214285,PASS,FAIL,0.1821349337600861,PASS,PASS,WARN,WARN
motorcycle-technical-specifications-19702022,PASS,FAIL,0.6437537460376471,WARN,FAIL,0.0,PASS,PASS,WARN,WARN
anime-list-2022,PASS,FAIL,0.0751842167857142,PASS,PASS,0.1343101970041664,PASS,PASS,WARN,WARN
anime-list-2022,PASS,FAIL,0.0784406565642857,PASS,PASS,0.137706138920102,PASS,PASS,WARN,WARN
imdb-dataset-of-50k-movie-translated-urdu-reviews,WARN,PASS,0.0,PASS,PASS,0.0,PASS,PASS,WARN,PASS
imdb-dataset-of-50k-movie-translated-urdu-reviews,WARN,PASS,0.0,PASS,PASS,0.0,PASS,PASS,WARN,PASS
android-permission-dataset,WARN,FAIL,0.0001744623369565,PASS,PASS,0.1456050181870229,FAIL,WARN,WARN,WARN
android-permission-dataset,WARN,FAIL,0.0001744623369565,PASS,PASS,,FAIL,WARN,WARN,WARN
adidas-us-retail-products-dataset,PASS,PASS,0.00094674556,PASS,PASS,0.1007005117142829,FAIL,PASS,PASS,WARN
comprehensive-malware-datasets,WARN,FAIL,0.0,PASS,PASS,0.0524077311410847,PASS,PASS,PASS,PASS
call-center-metrics-dataset,WARN,PASS,0.0,PASS,PASS,0.0,PASS,PASS,PASS,PASS
dry-bean-classification,WARN,FAIL,0.0,PASS,PASS,0.1235880305682289,PASS,PASS,PASS,PASS
dry-bean-classification,WARN,FAIL,0.0,PASS,PASS,0.1273497742608016,PASS,PASS,PASS,PASS
customersegmentation,PASS,PASS,0.0,PASS,PASS,0.1460025859418982,PASS,PASS,PASS,PASS
fedex-data,WARN,FAIL,0.0046526666666666,PASS,PASS,0.1166492237238164,FAIL,PASS,PASS,PASS
agriseshat-agriculture-dataset,PASS,PASS,0.2828282828333333,PASS,PASS,0.1107698172048817,FAIL,PASS,WARN,WARN
indeks-pencemaran-udara-dki,PASS,FAIL,0.0077210460727272,PASS,PASS,0.0972601512439677,PASS,PASS,PASS,WARN
user-churn-dataset,PASS,FAIL,0.0,PASS,PASS,0.1461067984343989,FAIL,PASS,PASS,PASS
solar-radiation-dataset,PASS,FAIL,0.0526315789473684,PASS,PASS,0.0,PASS,PASS,PASS,PASS
solar-radiation-dataset,PASS,FAIL,0.0526315789473684,PASS,PASS,0.0,FAIL,PASS,PASS,PASS
solar-radiation-dataset,PASS,FAIL,0.0526315789473684,PASS,PASS,0.0,FAIL,PASS,PASS,PASS
solar-radiation-dataset,PASS,FAIL,0.0526315789473684,PASS,PASS,0.0,FAIL,PASS,PASS,PASS
solar-radiation-dataset,PASS,FAIL,0.0,PASS,PASS,0.1193680766848937,PASS,PASS,PASS,WARN
spam-classification-for-basic-nlp,PASS,PASS,0.0,PASS,PASS,0.0,PASS,PASS,WARN,WARN
fitbit-dataset,PASS,FAIL,0.0,PASS,PASS,0.094061619280698,PASS,PASS,PASS,PASS
brazilian-csgo-plataform-dataset-by-gamers-club,PASS,PASS,0.0372396381285714,PASS,PASS,0.0208730964999692,PASS,PASS,PASS,PASS
brazilian-csgo-plataform-dataset-by-gamers-club,PASS,PASS,0.1490825687999999,PASS,PASS,0.1257691155855711,PASS,PASS,PASS,PASS
brazilian-csgo-plataform-dataset-by-gamers-club,PASS,FAIL,0.0011015789473684,PASS,PASS,0.1835452649577518,FAIL,PASS,PASS,PASS
brazilian-csgo-plataform-dataset-by-gamers-club,PASS,PASS,0.0,PASS,PASS,,PASS,PASS,PASS,PASS
78k-music-album-reviews,WARN,PASS,0.01314297815,PASS,PASS,0.0005703446535438,PASS,WARN,WARN,WARN
appliances-energy-consumption,PASS,FAIL,0.0,PASS,PASS,0.1589640695535132,PASS,PASS,PASS,PASS
dnd-stats,PASS,FAIL,0.0,PASS,PASS,0.1257114310920633,PASS,PASS,PASS,PASS
vortex-shedding-wake,PASS,FAIL,0.0,PASS,PASS,0.1257114310920633,PASS,PASS,PASS,PASS
vortex-shedding-wake,PASS,FAIL,0.0,PASS,PASS,0.1257114310920633,PASS,PASS,PASS,PASS
predict-the-churn-risk-rate,PASS,PASS,0.010316419766666666,WARN,PASS,0.15503441848041766,PASS,WARN,WARN,PASS
monkeypox-patients-dataset,PASS,PASS,0.0,PASS,PASS,0.13423602632540846,PASS,PASS,PASS,PASS
glass-identification-dataset,PASS,FAIL,0.0,PASS,PASS,0.14055633080080174,PASS,PASS,PASS,PASS
glass-identification-dataset,PASS,FAIL,0.0,PASS,PASS,0.14055633080080174,PASS,PASS,PASS,PASS
iit-and-nit-colleges-admission-criteria,PASS,FAIL,0.0,PASS,PASS,0.11942394146709381,PASS,PASS,PASS,WARN
iit-and-nit-colleges-admission-criteria,WARN,FAIL,0.07142857142857142,PASS,PASS,0.0,PASS,PASS,PASS,WARN
conflict-data,PASS,PASS,0.2416694481464286,WARN,PASS,0.0,FAIL,PASS,WARN,WARN
fake-real-news,WARN,PASS,0.00107267365,PASS,PASS,0.0,PASS,PASS,WARN,PASS
irish-loan-data,WARN,PASS,0.00107267365,PASS,PASS,0.0,PASS,PASS,WARN,PASS
horsesurvivalprognostication,PASS,PASS,0.19135212613928568,PASS,FAIL,0.20809265209739966,PASS,PASS,PASS,PASS
zoo-animals,PASS,PASS,0.0,PASS,PASS,0.09699630187562258,PASS,PASS,PASS,PASS
nyc-motor-vehicle-collisions-to-person,PASS,FAIL,0.18989436410000002,PASS,FAIL,0.11307316380345217,PASS,PASS,PASS,PASS
2d-clustering-data,PASS,FAIL,0.0,PASS,PASS,0.1267522745756249,PASS,PASS,PASS,PASS
mnad-moroccan-news-articles-dataset,PASS,PASS,0.0,PASS,PASS,0.0,PASS,PASS,WARN,WARN
mnad-moroccan-news-articles-dataset,PASS,PASS,0.0,PASS,PASS,0.0,PASS,PASS,WARN,WARN
mnad-moroccan-news-articles-dataset,PASS,PASS,0.0,PASS,PASS,0.0012167061721025053,PASS,PASS,WARN,WARN
aug-train,PASS,FAIL,0.07730079189999998,PASS,PASS,0.19623506362003615,PASS,PASS,PASS,WARN
eshop-clothing-dataset,PASS,FAIL,0.0,PASS,PASS,0.15353842344099758,FAIL,PASS,PASS,PASS
classification-of-human-poses-keypoints,WARN,FAIL,0.0,PASS,PASS,0.12073008166476341,PASS,PASS,PASS,PASS
chinese-mnist-digit-recognizer,PASS,FAIL,0.0,PASS,PASS,,FAIL,PASS,PASS,PASS
users-consumption-profilebidirectional-stats-2019,PASS,FAIL,0.0,PASS,PASS,0.14135863566206472,FAIL,PASS,PASS,PASS
discover-the-menu,PASS,FAIL,0.003969617485714286,PASS,PASS,0.14206652934933173,PASS,PASS,PASS,WARN
discover-the-menu,PASS,FAIL,0.12646,PASS,PASS,0.0,PASS,PASS,WARN,WARN
discover-the-menu,PASS,FAIL,0.12646,PASS,PASS,0.0,PASS,PASS,WARN,WARN
discover-the-menu,PASS,FAIL,0.41202051866500006,PASS,PASS,0.0,FAIL,WARN,WARN,WARN
discover-the-menu,PASS,FAIL,0.1406877777777778,PASS,PASS,0.2379188582011761,PASS,PASS,PASS,PASS
letterdata,WARN,PASS,0.0,PASS,PASS,0.1743666927270139,PASS,PASS,PASS,PASS
emotion-prediction-with-semi-supervised-learning,WARN,PASS,0.0,PASS,PASS,0.1743666927270139,PASS,PASS,PASS,PASS
emotion-prediction-with-semi-supervised-learning,WARN,PASS,0.0,PASS,PASS,0.1743666927270139,PASS,PASS,PASS,PASS
emotion-prediction-with-semi-supervised-learning,WARN,PASS,0.0,PASS,PASS,0.1743666927270139,PASS,PASS,PASS,PASS
emotion-prediction-with-semi-supervised-learning,WARN,PASS,0.0,PASS,PASS,0.1743666927270139,PASS,PASS,PASS,PASS
emotion-prediction-with-semi-supervised-learning,WARN,PASS,0.0,PASS,PASS,0.1743666927270139,PASS,PASS,PASS,PASS
emotion-prediction-with-semi-supervised-learning,WARN,PASS,0.0,PASS,PASS,0.1743666927270139,PASS,PASS,PASS,PASS
emotion-prediction-with-semi-supervised-learning,PASS,PASS,0.0,PASS,PASS,0.09358681097625732,PASS,PASS,PASS,WARN
sloan-digital-sky-survey-dr16,PASS,FAIL,0.0,PASS,PASS,0.15146810678431144,FAIL,PASS,PASS,PASS
major-league-baseball-s-most-cost-effective-play,PASS,FAIL,0.0,PASS,PASS,0.1670311159968652,PASS,PASS,PASS,WARN
predict-if-people-prefer-wfh-verses-wfo-data,PASS,PASS,0.0,PASS,PASS,0.13537724870624435,PASS,PASS,PASS,WARN
health-insurance-lead-prediction,PASS,FAIL,0.0784329635,PASS,PASS,0.1769989099234973,PASS,PASS,PASS,PASS
health-insurance-lead-prediction,PASS,FAIL,0.07326896405000001,PASS,PASS,0.17891235208269107,PASS,PASS,PASS,PASS
health-insurance-lead-prediction,PASS,PASS,0.0,PASS,PASS,0.02860422703322627,PASS,PASS,PASS,PASS
nba-dataset,PASS,PASS,0.00025407580000000004,PASS,PASS,0.03699786142246436,PASS,PASS,PASS,WARN
nba-dataset,PASS,FAIL,0.15847082407446805,PASS,PASS,0.0,PASS,PASS,PASS,PASS
nba-dataset,PASS,FAIL,0.025415444778787877,PASS,PASS,,FAIL,PASS,PASS,PASS
nba-dataset,PASS,PASS,0.0002551020375,PASS,PASS,0.14574063943752938,FAIL,WARN,PASS,WARN
nba-dataset,PASS,FAIL,0.0053595238071428575,PASS,PASS,0.11572033669408041,PASS,PASS,PASS,PASS
nba-dataset,PASS,PASS,0.0,PASS,PASS,,PASS,PASS,PASS,PASS
nba-dataset,PASS,FAIL,0.030460822461764705,PASS,PASS,0.15769958577903415,PASS,PASS,WARN,PASS
nba-dataset,PASS,FAIL,0.0,PASS,PASS,0.16008652998715323,FAIL,PASS,PASS,PASS
nba-dataset,PASS,FAIL,0.20331166666666667,PASS,PASS,0.0,PASS,PASS,PASS,PASS
dataset-predic-terkena-penyakit-paruparu,PASS,FAIL,0.0,PASS,PASS,0.08581011413102638,PASS,PASS,PASS,PASS
earthquake-turkish-tweets-partially-annotated,WARN,PASS,0.6097483333333333,PASS,PASS,0.00599978095781678,PASS,PASS,WARN,WARN
earthquake-turkish-tweets-partially-annotated,PASS,PASS,0.3303508434333333,PASS,PASS,0.0,PASS,PASS,PASS,WARN
earthquake-turkish-tweets-partially-annotated,WARN,PASS,0.5419671428571429,PASS,PASS,0.007997077415680814,PASS,PASS,WARN,WARN
medical-insurance-claim-fraud,PASS,PASS,0.0,PASS,PASS,0.1438924631131693,PASS,PASS,PASS,WARN
tesla,PASS,FAIL,0.0,PASS,PASS,0.09808960275157039,PASS,PASS,PASS,PASS
maternal-health-risk,PASS,FAIL,0.0,PASS,PASS,0.09808960275157039,PASS,PASS,PASS,PASS
maternal-health-risk,PASS,FAIL,0.0,PASS,PASS,0.09808960275157039,PASS,PASS,PASS,PASS
maternal-health-risk,WARN,PASS,0.0,PASS,PASS,0.09377568652593975,PASS,PASS,PASS,PASS
